khach_cmt,rating,shop_phan_hoi
đường may lệch không thể mặc,1,"chào bạn!hàng của shop đều được kiểm tra kỹ càng và đóng gói cẩn thận trước khi gửi đi, bạn vui lòng quay lại videorồigửi qua ib cho shop ạ, nếu lỗi bên mình thì bên mình sẽ có trách nhiệm đổi trả fre phí cho bạn ạ ! shop có nhắn tin và gọi điện cho b nhiều lần nhưng chưa nhận được phản hồi từ bạn, bạn check tin nhắn giúp shop nhé"
chất lượng sản phẩm kém xấu mặc không vừa,1,"chào b! quần bên mình đảm bảo chất jeans dày dặn màu và form y ảnh b nhé! size do tự tay b chọn và shop đã gửi đúng size cho b. nhắn tin thì không đưa ra nổi một cái ảnh, gọi điện cũng không nghe máy. kb b ở shop nào có mục đích j mà đánh giá hạ thấp uy tín của shop như vậy ?"
quần màu hơi xấu,1,"chào b! thứ nhất, quần bên shop là chất jeans dày dặn màu và form y ảnh, kbiet b còn chưa hài lòng ở điểm nào vậy? người ta có câu '""nói có sách, mách có chứng"" b nhé. b không đưa ra nổi một cái bằng chứng j thì đừng nói vậy ! tự tay b chọn size và shop cũng đã gửi đúng size cho b. thứ 2, ảnh đăng thì phải kéo sáng một chút để tôn người mẫu mặc chứ ạ! shop có liên hệ trao đổi với b về sản phẩm nhưng không nhận được phản hồi của b. kbiet b ở shop nào có mục đích j mà đánh giá hạ thấp uy tín của shop như vậy?"
quần cũ ,1,"chào bạn ! hàng của shop đều được kiểm tra kỹ càng và đóng gói cẩn thận trước khi gửi đi nên không bao giờ có chuyện gửi hàng cũ cho khách đâu b nhé. size do tự tay b chọn và shop cũng đã gửi đúng size cho b. nhắn tin b không trl, gọi điện cũng không nghe máy. kb b ở shop nào có mục đích j mà lại đánh giá hạ thấp uy tín của shop như vậy ?"
ngắn quá,1, chào b! shop có liên hệ để hỗ trợ đổi size cho b mà không thấy b phản hồi lại. b check ib shop để shop hỗ trợ b nhé
tư vấn như sít,1,"chào b ! bình thường với thông số đó shop tư vấn cho khách mặc rất đẹp, và cũng còn tùy vào dáng người nữa. shop có nhắn tin hỗ trợ đổi size nhưng không thấy b phản hồi, gọi điện cũng không nghe máy ? rồi b đánh giá shop như vậy để thiệt shop à ? bạn xem lại đi nhé. shop hỗ trợ b rất nhiệt tình nhg b vẫn đánh giá shop 1* là sao vậy b ?"
không chịu đổi size thì nói luôn cứ lòng vòng,1,chào b size là do b chọn và shop gửi dúng như size trên đơn. b nói b oke mặc được rồi b đánh giá shop như vậy là có ý gì ? shop có gọi và nhắn tin b mà 0 tháy b phẩn hồi lại shop đâu ạ ? b xem lại b đi nhé !
quá tệ,1,"dạ shop chào bạn ạ khi nhận hàng nếu có vấn đề b đừng đánh giá vội nha mà hãy ib cho shop để được hỗ trợ và giải đáp bạn nha . xin lỗi vì sản phẩm đã không được ưng ý ạ , shop đã hỗ trợ b xử lí đơn hàng thành côngrồiạ . cảm ơn b đã ủng hộ shop ạ"
rất tệ,1,"ủa b size b tự chọn mà b? shop gửi đúng mẫu đúng sizerồib mặc không vừa đã nhờ shop hỗ trợ đổi size.shop cũng đã rep b để đổi size mà b không thèm phản hồi, lại còn qua đây đánh giá rất tệ là sao b? b tự đánh giá mình hả"
màu không như ảnh xấu quá à,1,"quần bên mình chất jeans dày dặn màu và form y ảnh không biết b có vấn đề gì không b? nhắn tin thì không đưa ra nổi 1 cái ảnh.nhắn tin thì nói đúng 3 chữ""không giống ảnh"" ,gọi điện thì không thấy phản hồi.rồi b đánh giá cho vui để shop bị thiệt hả b?"
ống quần đút được cả người vào ,1,"chào bạn ! quần bên mình là jeans dáng suông rộng nên form rộng là điều bình thường. bạn tự chọn size và không hề nhờ shop tư vấn ! và shop đã gửi đúng size cho bạn. shop rất muốn hỗ trợ bạn nhưng không nhận được phản hồi nào từ bạn ? gọi điện không nghe máy, nhắn tin không phản hồi ? rồi bạn đánh giá 1* để thiệt shop hả bạn ?"
sau 1 vài ngày vải sờn,1,"quần bên mình chất jeans dày dặn màu và form y ảnh không biết b có vấn đề gì không b? người ta có câu ""nói có sách, mách có chứng"" mà b không đưa ra nổi 1 hình ảnh ? nhắn tin thì không đưa ra nổi 1 cái ảnh. gọi điện thì không thấy phản hồi. rồi b đánh giá cho vui để shop bị thiệt hả b?"
hàng không giống ảnh,1,dạ chào b ạ b phản hồi sản phẩm không giống ảnh nhưng khi shop gọi dienj hay nhắn tin để hỗ trợ b xem sản phẩm có vấn đề gì thì bạn không nghe và không phản hồi lại . mong b xem xét lại sản phẩm rồi phản hồi lại cho shop b nhé 
quần xấu lắm vải thì mỏng,1,"xin lỗi bạn về sự cố không mong muốn ạ. bên shop đã liên hệ với bạn trao đổi về sản phẩm ạ. shop có gọi điện và nhắn tin cho b , nhưng không thấy b phản hồi lại.bạn kiểm tra tin nhắn giúp shop nhé. mong được phục vụ bạn lần sau tốt hơn ạ"
đặt 1 loại gửi 1 loại,1,shop chào b! không biết sản phẩm bên mình b nhận được có vấn dề gì vậy ạ? bên mình có liên lạc với b mà không được mong b phản hồi sớm giúp shop .nếu đúng lỗi do bên mình bên mình sẽ hoàn toàn chịu trách nhiệm nhé b!
mua quần có vết vàng ố không biết tại sao.,1,"shop rất xin lỗi bạn về sự cố này. rất mong bạn thông cảm giúp shop. shop đã gửi tin nhắn trao đổi và giải quyết khiếu nại luôn ạ, bạn vui lòng check ib nhé"
cái túi màu xanh lè xấu hoắc à trời,1,"shop chào b ạ. cám ơn b đã mua hàng bên shop. vì bên xưởng may 1 ngày mấy ngàn chiếc nên thỉnh thoảng cũng sẽ bị lỗi ạ, thêm nữa cái này là bên trong quần mặc cũng không bị ảnh hưởng gì đâu ạ  . nếu b không ưng, bên shop sẽ đổi sản phẩm cho b ạ. mong b thông cảm giúp shop ạ "
sản phẩm không giống hình,1,"shop chào b ạ, cám ơn b đã mua hàng bên shop. hiện shop chưa nhận được hình ảnh sản phẩm b nhận được để đối chiếu sản phẩm mẫu bên shop. nếu không đúng như ảnh shop sẽ lên đơn đổi trả cho b. shop có gọi điện và nhắn tin cho b nhiều lần nhưng không thấy b tl, b vui lofnh check ib đê được giải quyết sớm ạ"
"giao sai màu , sản phẩm không giống hình",1,
không giống hình mong shop chú ý,1,xin lỗi bạn về sự cố không mong muốn ạ. bên shop đã liên hệ với bạn trao đổi về việc đổi trả sản phẩm ạ. bạn kiểm tra tin nhắn giúp shop nhé. mong được phục vụ bạn lần sau tốt hơn ạ
mẹ nó quần không giống ảnh ,1,dạ sản phẩm bên shop có vấn đề gì vậy ạ
đặt size s ship size xl,1,dạ sản phẩm bên shop có vấn đề gì vậy ạ
quần không giống trên sản phẩm,1,"sản phẩm của shop bán ra đều được đổi trả với mọi lý do , do vậy b check ib để shop tư vấn và hỗ trợ ạ !"""
không,1,b check ib shop để được hỗ trợ nhé
không giống hình,1,"dạ sản phẩm có vấn đề gì vậy b, b check ib shop để được shop hỗ trợ nha !"
chả ra gì,1,dạ sản phẩm có vấn đề gì vậy b. b check ib shop để được hỗ trợ nha
mua mẫu này shop giao mẫu nọ ,1,
nhắn tin shop shop trả lời quá lâu cả tuần mới phản hồi. giao hàng nhầm size đặt 29 giao 30. tệ!,1,
lần đầu mua cũng là lần cuối ,1,
lừa đảo .hàng giao thiếu. gọi số điện thoại ghi trên giấy trong gói hàng thì nhầm số. liên lạc 4 ngày đùn đẩy không bù tiền cho khách,1,
tiền nào của đó quần mỏng tanh không mặc được làm rẻ lau nhà,1,
sản phẩm ghi size 34 mà về mặc chật như size 30. khác hoàn toàn so với các shop khác,1,
"quần xấu, khác xa so với ảnh, không đáng mua",1,
sản phẩm không như ý rất mỏng,1,
giao hàng 2 tuần chưa nhận được,1,
sai màu. size không chính xác nữa chán thật nhắn tin lâu rep nữa giao hàng lau thôi không quay lại lần sau nữa,1,
"kém thật, nhắn tin không trả lời khách 1 câu nào. biết vậy đọc hết đánh giá. vải thì bình thường, phục vụ 1 sao",1,
clm đây là quần nữ mà. con trai mặc khó chịu lắm  bỏ 1 cái ra mặc mới phát hiện,1,
mua một kiểu giao một kiểu chất vải xấu may xấu mua không khác gì vứt tiền vào thùng giác,1,"""đầu tiên shop cảm ơn sự góp của a ạ a kiểm tra inbox shop xử lý cho a ạ. cảm ơn a nhiều lắm ạ shop mong nhận được sự hài lòng nhất từ anh ạ ^!"""
"giặt tay mới 2 nước, vò siêu nhẹ, sút chỉ, rách phần nối giữa vải và phần thun. chất lượng quá tệ",1,"dạ proman chào anh ạ, shop xin lỗi anh nhiều về trải nghiệm lần này không tốt ạ . shop đã liên hệ cho anh hỗ trợ đổi trả lại đơn hàng rồi ạ , mong anh thông cảm cho sơ xuất lần này của shop nhé ạ cảm ơn a nhiều lắm ạ chúc a nhiều sức khỏe, niềm vui nha a "
quần đẹp nhưng dịch giao hàng hơn 1 tháng mới nhận được,1,"dạ đầu tiên thực sự là cho shop gửi xin lỗi tới a mon ạ cảm ơn a nhiều vì đã ưng chất lượng quần. và shop rất xin lỗi vì mùa dịch giao chậm cho a. n vẫn mong a thông cảm vì dịch mới bị chậm trễ vậy vẫn rất mong a ủng hộ shop tiếp nha cảm ơn a nhiều lắm luôn ạ. chúc a thật nhiều sức khỏe, niềm vui ạ! :b :b :b"
ra màu thôi rồi lun.lưng dễ giản.nói chung ra chợ mua đồ 30k còn tốt hơn nhiều,1,"dạ đầu tiên thực sự là cho shop gửi xin lỗi tới a nam ạ shop rất xin lỗi vì a mặc chưa được vừa a vui lòng inbox shop hướng dẫn a đổi size cho a nha. bên e cảm ơn các góp ý, bên e sẽ cải thiện. cảm ơn a nhiều lắm luôn ạ. chúc a thật nhiều sức khỏe, niềm vui ạ! :b :b :b"
chất toàn pha nilong,1,
"vải chán , bận 1 lần bung hết chỉ",1,
vải mỏng,1,
sản phẩm kém. bung chỉ quá trời,1,
size quá bé,1,dạ 80kg m mặc 3xl nha a. a đặt 2xl bị chật mất rồi a kiểm tra tin nhắn e hướng dẫn m đổi size to hơn nha a cảm ơn a nhiều lắm lắm ạ
hàng chất lượng trung bình. chưa dùng bục chỉ.,1,"úi thôi chết, thực sự shop rất rất xin lỗi vì shop giao sản phẩm bị lỗi cho a. thực sự shop không hề mong muốn. mong a thông cảm e với ạ a inbox shop hướng dẫn đổi cho a rồi ạ. cảm ơn a nhiều lắm ạ chúc a nhiều sức khỏe, niềm vui nha a "
"vẻ ngoài của quần thì nhìn cũng tạm , nhưng phần chất liệu rất là mỏng , nếu ai thích loại thoáng mát thì có thể mua loại này , nhưng mình thì cần chất lượng !",1,"shop rất xin lỗi vì trải nghiệm mua hàng chưa tốt lần này. trường hợp bạn gặp phải, hãy nhắn tin ngay cho shop để shop có phương án xử lý và hỗ trợ trả hàng hoặc hoàn tiền kịp thời cho bạn ạ. shop cam đoan sẽ không bao giờ để khách hàng phải chịu thiệt thòi đâu ạ. - quần lót nam, quần sịp nam, đồ lót nam, quần xì nam, quần sịp nam coton, quần ship nam, quần lót nam boxer, sịp đùi nam, quần lót nữ, quần lót su nữ, quần lót su đúc không đường may, quần áo trẻ em, đồ bộ cho bé, bộ quần áo bé trai"
"sản phẩm không giống ảnh và video , mặc vào quá chật so với size , quá tệ ",1,"shop rất xin lỗi vì trải nghiệm mua hàng chưa tốt lần này. trường hợp bạn gặp phải, hãy nhắn tin ngay cho shop để shop có phương án xử lý và hỗ trợ trả hàng hoặc hoàn tiền kịp thời cho bạn ạ. shop cam đoan sẽ không bao giờ để khách hàng phải chịu thiệt thòi đâu ạ. - quần lót nam, quần sịp nam, đồ lót nam, quần xì nam, quần sịp nam coton, quần ship nam, quần lót nam boxer, sịp đùi nam, quần lót nữ, quần lót su nữ, quần lót su đúc không đường may, quần áo trẻ em, đồ bộ cho bé, bộ quần áo bé trai"
giao không đúng màu. rõ ràng đặt là màu xám. nhưng giao màu xanh navy. rồi khi hỏi là bảo màu đó là xám đậm. tới đó thì chịu với shop rồi,1,"shop rất xin lỗi vì trải nghiệm mua hàng chưa tốt lần này. trường hợp bạn gặp phải, hãy nhắn tin ngay cho shop để shop có phương án xử lý và hỗ trợ trả hàng hoặc hoàn tiền kịp thời cho bạn ạ. shop cam đoan sẽ không bao giờ để khách hàng phải chịu thiệt thòi đâu ạ. - quần lót nam, quần sịp nam, đồ lót nam, quần xì nam, quần sịp nam coton, quần ship nam, quần lót nam boxer, sịp đùi nam, quần lót nữ, quần lót su nữ, quần lót su đúc không đường may, quần áo trẻ em, đồ bộ cho bé, bộ quần áo bé trai"
chất lượng quần được 3 cái đẹp 3 cái xấu ship hàng không đúng size,1,"shop rất xin lỗi vì trải nghiệm mua hàng chưa tốt lần này. trường hợp bạn gặp phải, hãy nhắn tin ngay cho shop để shop có phương án xử lý và hỗ trợ trả hàng hoặc hoàn tiền kịp thời cho bạn ạ. shop cam đoan sẽ không bao giờ để khách hàng phải chịu thiệt thòi đâu ạ. - quần lót nam, quần sịp nam, đồ lót nam, quần xì nam, quần sịp nam coton, quần ship nam, quần lót nam boxer, sịp đùi nam, quần lót nữ, quần lót su nữ, quần lót su đúc không đường may, quần áo trẻ em, đồ bộ cho bé, bộ quần áo bé trai"
"gửi hàng cực nhanh khu vực miền nam ! chất liệu sản phẩm may không được bắt mắt cho lắm ! hàng mỏng tanh nhìn xuyên suốt , không bằng quần sip bán lề đường !",1,"shop rất xin lỗi vì trải nghiệm mua hàng chưa tốt lần này. trường hợp bạn gặp phải, hãy nhắn tin ngay cho shop để shop có phương án xử lý và hỗ trợ trả hàng hoặc hoàn tiền kịp thời cho bạn ạ. shop cam đoan sẽ không bao giờ để khách hàng phải chịu thiệt thòi đâu ạ. - quần lót nam, quần sịp nam, đồ lót nam, quần xì nam, quần sịp nam coton, quần ship nam, quần lót nam boxer, sịp đùi nam, quần lót nữ, quần lót su nữ, quần lót su đúc không đường may, quần áo trẻ em, đồ bộ cho bé, bộ quần áo bé trai"
đường viền quần chip rất thô. lưng thì nhám nhám mặc gây cảm giác rất khó chịu,1,dạ nếu sản phẩm bị lỗi bạn chat với shop để nhân viên hỗ trợ và giải quyết ạ ! shop luôn muốn mang tới sự hài lòng cho khách hàng ạ !
treo đầu dê bán thịt chó,1,"shop rất xin lỗi vì trải nghiệm mua hàng chưa tốt lần này. trường hợp bạn gặp phải, hãy nhắn tin ngay cho shop để shop có phương án xử lý và hỗ trợ trả hàng hoặc hoàn tiền kịp thời cho bạn ạ. shop cam đoan sẽ không bao giờ để khách hàng phải chịu thiệt thòi đâu ạ. - quần lót nam, quần sịp nam, đồ lót nam, quần xì nam, quần sịp nam coton, quần ship nam, quần lót nam boxer, sịp đùi nam, quần lót nữ, quần lót su nữ, quần lót su đúc không đường may, quần áo trẻ em, đồ bộ cho bé, bộ quần áo bé trai"
quần không giống trong hình,1,"shop rất xin lỗi vì trải nghiệm mua hàng chưa tốt lần này. trường hợp bạn gặp phải, hãy nhắn tin ngay cho shop để shop có phương án xử lý và hỗ trợ trả hàng hoặc hoàn tiền kịp thời cho bạn ạ. shop cam đoan sẽ không bao giờ để khách hàng phải chịu thiệt thòi đâu ạ. - quần lót nam, quần sịp nam, đồ lót nam, quần xì nam, quần sịp nam coton, quần ship nam, quần lót nam boxer, sịp đùi nam, quần lót nữ, quần lót su nữ, quần lót su đúc không đường may, quần áo trẻ em, đồ bộ cho bé, bộ quần áo bé trai"
đặt size l mà giao xl,1,"shop rất xin lỗi vì trải nghiệm mua hàng chưa tốt lần này. trường hợp bạn gặp phải, hãy nhắn tin ngay cho shop để shop có phương án xử lý và hỗ trợ trả hàng hoặc hoàn tiền kịp thời cho bạn ạ. shop cam đoan sẽ không bao giờ để khách hàng phải chịu thiệt thòi đâu ạ. - quần lót nam, quần sịp nam, đồ lót nam, quần xì nam, quần sịp nam coton, quần ship nam, quần lót nam boxer, sịp đùi nam, quần lót nữ, quần lót su nữ, quần lót su đúc không đường may, quần áo trẻ em, đồ bộ cho bé, bộ quần áo bé trai"
gần 30k 1 cái mà chất lượng chả khác gì hàng 10k ngoài chợ hơn được cái là có hộp ,1,"shop rất xin lỗi vì trải nghiệm mua hàng chưa tốt lần này. trường hợp bạn gặp phải, hãy nhắn tin ngay cho shop để shop có phương án xử lý và hỗ trợ trả hàng hoặc hoàn tiền kịp thời cho bạn ạ. shop cam đoan sẽ không bao giờ để khách hàng phải chịu thiệt thòi đâu ạ. - quần lót nam, quần sịp nam, đồ lót nam, quần xì nam, quần sịp nam coton, quần ship nam, quần lót nam boxer, sịp đùi nam, quần lót nữ, quần lót su nữ, quần lót su đúc không đường may, quần áo trẻ em, đồ bộ cho bé, bộ quần áo bé trai"
mặc rồi hay gì vậy? vầy ai dám mặc ,1,"dạ sản phẩm của shop là sản phẩm mới thôi ạ ! chắc do trong quá trình sản xuất bị lỗi, nên bạn có thể chat với shop để shop bù cho bạn ạ ! shop luôn muốn mang sự hài lòng đến khách hàng ạ !"
chất lượng sản phẩm kém khuyên mọi người đừng nên mua thà bỏ tiền ra mua loại đắt hơn xíu mà mặc ok mặc đúng 1 lần mà rách chỉ. vải không ok nha,1,nếu bạn chưa hài lòng về sản phẩm bên shop bạn cứ nhắn tin cho shop nhé ! shop nhận được phản hồi sẽ nhanh chóng hỗ trợ cho bạn ngay ạ ! cảm ơn bạn ạ !
bảng tra cứu size to hơn thực tế. mình mặc m mà bảng tra cứu xl mua về hai đứa như mình mặc mới vừa,1,"dạ sản phẩm này size xl bên shop cho người 60-65 ký ạ, không biết bạn đã chọn đúng size chưa ạ ? nếu bạn cần hỗ trợ đổi size thì bạn chat với shop để nhân viên bên shop hỗ trợ bạn nhé !"
quần lót nam bị lem màu củng ship cho khách chán thật.bộ shop không kiểm tra hàng trước khi giao cho khách sao,1,"shop rất xin lỗi vì trải nghiệm mua hàng chưa tốt lần này. trường hợp bạn gặp phải, hãy nhắn tin ngay cho shop để shop có phương án xử lý và hỗ trợ trả hàng hoặc hoàn tiền kịp thời cho bạn ạ. shop cam đoan sẽ không bao giờ để khách hàng phải chịu thiệt thòi đâu ạ. - quần lót nam, quần sịp nam, đồ lót nam, quần xì nam, quần sịp nam coton, quần ship nam, quần lót nam boxer, sịp đùi nam, quần lót nữ, quần lót su nữ, quần lót su đúc không đường may, quần áo trẻ em, đồ bộ cho bé, bộ quần áo bé trai"
chất lượng sản phẩm kém. giặt ra màu kinh khủng. phần dây thun chưa mặc đã bung chỉ. đánh giá 1 sao. sẽ không mua ở shop nữa.,1,"shop rất xin lỗi vì trải nghiệm mua hàng chưa tốt lần này. trường hợp bạn gặp phải, hãy nhắn tin ngay cho shop để shop có phương án xử lý và hỗ trợ trả hàng hoặc hoàn tiền kịp thời cho bạn ạ. shop cam đoan sẽ không bao giờ để khách hàng phải chịu thiệt thòi đâu ạ. - quần lót nam, quần sịp nam, đồ lót nam, quần xì nam, quần sịp nam coton, quần ship nam, quần lót nam boxer, sịp đùi nam, quần lót nữ, quần lót su nữ, quần lót su đúc không đường may, quần áo trẻ em, đồ bộ cho bé, bộ quần áo bé trai"
chất liệu quá mỏng và mặc rất nóng,1,"shop xin chân thành cảm ơn bạn đã tin tưởng mua hàng và đánh giá tốt cho sản phẩm bên shop. bạn nhớ bấm ""𝐅𝐎𝐋𝐎𝐖 𝐒𝐇𝐎𝐏"" ( theo dõi shop ) để nhận ngay 𝐕𝐎𝐔𝐂𝐇𝐄𝐑 giảm giá 100k cho lần mua tiếp theo và nhận được nhiều ưu đãi mới nhất nha ! - quần lót nam, quần sịp nam, đồ lót nam, quần xì nam, quần sịp nam coton, quần ship nam, quần lót nam boxer, sịp đùi nam, quần lót nữ, quần lót su nữ, quần lót su đúc không đường may, quần áo trẻ em, đồ bộ cho bé, bộ quần áo bé trai, bộ đồ bé gái"
thật sự chưa thật hài lòng với size quần,1,"shop rất xin lỗi vì trải nghiệm mua hàng chưa tốt lần này. nếu bạn nhận hàng mặc không vừa hoặc shop giao nhầm size, hãy nhắn tin lại cho shop để shop hướng dẫn bạn trả hàng hoặc hoàn tiền cho bạn nha!"
sao sai size và số lượng,1,"shop rất xin lỗi vì trải nghiệm mua hàng chưa tốt lần này. nếu bạn nhận hàng mặc không vừa hoặc shop giao nhầm size, hãy nhắn tin lại cho shop để shop hướng dẫn bạn trả hàng hoặc hoàn tiền cho bạn nha!"
tệ,1,"shop rất xin lỗi vì trường hợp bạn gặp phải. nếu sản phẩm bị lỗi hoặc chưa hài lòng về sản phẩm nhận được, bạn hãy nhắn tin cho shop để shop hướng dẫn bạn trả hàng hoặc hoàn tiền cho bạn nha!"
giao hàng lâu,1,"shop rất xin lỗi vì trải nghiệm mua hàng chưa tốt lần này. trường hợp bạn gặp phải, hãy nhắn tin ngay cho shop để shop có phương án xử lý và hỗ trợ trả hàng hoặc hoàn tiền kịp thời cho bạn ạ. shop cam đoan sẽ không bao giờ để khách hàng phải chịu thiệt thòi đâu ạ. - quần lót nam, quần sịp nam, đồ lót nam, quần xì nam, quần sịp nam coton, quần ship nam, quần lót nam boxer, sịp đùi nam, quần lót nữ, quần lót su nữ, quần lót su đúc không đường may, quần áo trẻ em, đồ bộ cho bé, bộ quần áo bé trai"
quần quá tệ,1,"shop rất xin lỗi vì trải nghiệm mua hàng chưa tốt lần này. trường hợp bạn gặp phải, hãy nhắn tin ngay cho shop để shop có phương án xử lý và hỗ trợ trả hàng hoặc hoàn tiền kịp thời cho bạn ạ. shop cam đoan sẽ không bao giờ để khách hàng phải chịu thiệt thòi đâu ạ. - quần lót nam, quần sịp nam, đồ lót nam, quần xì nam, quần sịp nam coton, quần ship nam, quần lót nam boxer, sịp đùi nam, quần lót nữ, quần lót su nữ, quần lót su đúc không đường may, quần áo trẻ em, đồ bộ cho bé, bộ quần áo bé trai"
sản phẩm không ok,1,"shop rất xin lỗi vì trải nghiệm mua hàng chưa tốt lần này. trường hợp bạn gặp phải, hãy nhắn tin ngay cho shop để shop có phương án xử lý và hỗ trợ trả hàng hoặc hoàn tiền kịp thời cho bạn ạ. shop cam đoan sẽ không bao giờ để khách hàng phải chịu thiệt thòi đâu ạ. - quần lót nam, quần sịp nam, đồ lót nam, quần xì nam, quần sịp nam coton, quần ship nam, quần lót nam boxer, sịp đùi nam, quần lót nữ, quần lót su nữ, quần lót su đúc không đường may, quần áo trẻ em, đồ bộ cho bé, bộ quần áo bé trai"
đúng là hàng rẻ là hàng ôi mà.,1,"shop rất xin lỗi vì trải nghiệm mua hàng chưa tốt lần này. trường hợp bạn gặp phải, hãy nhắn tin ngay cho shop để shop có phương án xử lý và hỗ trợ trả hàng hoặc hoàn tiền kịp thời cho bạn ạ. shop cam đoan sẽ không bao giờ để khách hàng phải chịu thiệt thòi đâu ạ. - quần lót nam, quần sịp nam, đồ lót nam, quần xì nam, quần sịp nam coton, quần ship nam, quần lót nam boxer, sịp đùi nam, quần lót nữ, quần lót su nữ, quần lót su đúc không đường may, quần áo trẻ em, đồ bộ cho bé, bộ quần áo bé trai"
"chất gì toàn nilon mặc bí, thun lạnh chả thấy đâu",1,dạ nếu bạn không hài lòng về sản phẩm bên shop thì bạn liên hệ với shop để được hỗ trợ trả hàng hoàn tiền bạn nhé ! shop luôn làm hài lòng khách hàng ạ !
chất nóng quá,1,nếu bạn chưa hài lòng về sản phẩm bên shop bạn cứ nhắn tin cho shop nhé ! shop nhận được phản hồi sẽ nhanh chóng hỗ trợ cho bạn ngay ạ ! cảm ơn bạn ạ !
mua 6 nhưng lại có 3,1,"shop rất xin lỗi vì trải nghiệm mua hàng chưa tốt lần này. trường hợp bạn gặp phải, hãy nhắn tin ngay cho shop để shop có phương án xử lý và hỗ trợ trả hàng hoặc hoàn tiền kịp thời cho bạn ạ. shop cam đoan sẽ không bao giờ để khách hàng phải chịu thiệt thòi đâu ạ. - quần lót nam, quần sịp nam, đồ lót nam, quần xì nam, quần sịp nam coton, quần ship nam, quần lót nam boxer, sịp đùi nam, quần lót nữ, quần lót su nữ, quần lót su đúc không đường may, quần áo trẻ em, đồ bộ cho bé, bộ quần áo bé trai"
lừa đảo ,1,"shop rất xin lỗi vì trải nghiệm mua hàng chưa tốt lần này. trường hợp bạn gặp phải, hãy nhắn tin ngay cho shop để shop có phương án xử lý và hỗ trợ trả hàng hoặc hoàn tiền kịp thời cho bạn ạ. shop cam đoan sẽ không bao giờ để khách hàng phải chịu thiệt thòi đâu ạ. - quần lót nam, quần sịp nam, đồ lót nam, quần xì nam, quần sịp nam coton, quần ship nam, quần lót nam boxer, sịp đùi nam, quần lót nữ, quần lót su nữ, quần lót su đúc không đường may, quần áo trẻ em, đồ bộ cho bé, bộ quần áo bé trai"
chất nóng. ship hàng lâu.,1,nếu bạn chưa hài lòng về sản phẩm bên shop bạn cứ nhắn tin cho shop nhé ! shop nhận được phản hồi sẽ nhanh chóng hỗ trợ cho bạn ngay ạ ! cảm ơn bạn ạ !
giặt ra màu,1,"shop xin chân thành cảm ơn bạn đã tin tưởng mua hàng và đánh giá tốt sản phẩm của shop. bạn nhớ bấm ""𝐅𝐎𝐋𝐎𝐖 𝐒𝐇𝐎𝐏"" ( theo dõi shop ) để nhận ngay 1 𝐕𝐎𝐔𝐂𝐇𝐄𝐑 giảm giá cho lần mua tiếp theo và nhận được nhiều ưu đãi và ctkm mới nhất nha ! shop vừa ra mắt 2 sản phẩm mới là : quần lót nam lưng hàn quốc thun lạnh và quần lót nam lưng hàn quốc coton 4 chiều cao cấp vào shop mua ngay để nhận được khuyến mãi đặc biệt! thương hiệu citymen - cm chuyên cung cấp các loại quần lót nam cao cấp"
giặt ra màu quá nhiều,1,dạ sản phẩm mới nên sẽ có ra màu ạ ! bạn chịu khó giặt 1-2 lần là hết ạ
fake,1,dạ nếu bạn không hài lòng về sản phẩm bên shop thì bạn liên hệ với shop để được hỗ trợ trả hàng hoàn tiền bạn nhé ! shop luôn làm hài lòng khách hàng ạ 
"hàng tàu kém chất lượng, không đáng mua !",1,
giao hàng quá lâu,1,
giao thiếu quần,1,
"nhờ shop hỗ trợ đổi size. shop vâng. xong ship đúng size mình đặt ban đầu. không hỗ trợ đổi được thì bảo người ta 1 câu, người ta huỷ đơn đặt lại. chứ bao giờ mua sịp về không mặc được . chắc chắc không mua lại.",1,"chào thanh96thuy, không biết bạn chưa hài lòng về điều gì về sản phẩm bên shop ạ? hãy nói cho shop biết để shop khắc phục ạ. nếu bạn đã hài lòng thì bạn vui lòng đánh giá 5 sao giúp shop nhé."
"hàng kém chất lượng, vải thua cả hàng chợ y như hàng mặc rồi,giặt 1 nước chắc giãn ra y cái miếng giẻ chùi. không tem mác, cùng size mà kích cỡ chênh lệch chưa kể vải qá tệ. yêu cầu trả hàng thì không đồng ý. không bao giờ ghé lại shop này nữa. cskh cũng tệ. hàng mua nguyên lô về chia hộp bán là hiểu thế nào rồi",1,
"thun lạnh cái con khỉ mốc, thun cotton đểu, hàng chả tem mác gì, thua xa cả hàng chợ. khách phản hồi online mà không thèm trả lời. hàng này xứng đáng 10k/c. cho hộp rõ oai. thế mà bán với cái giá chưa sale quá bóp cổ nhau. cạch không bao giờ mua lần nữa",1,"dạ trước hết shop xin lỗi vì chưa kịp phản hồi bạn ạ, shop đã phản hồi và giải đáp thắc mắc về chất quần cho bạn ạ. nếu bạn không hài lòng về sản phẩm shop sẽ thu hồi và hoàn tiền cho bạn ạ."
"shop nhắn tin với khách lấc cấc, muốn đổi size nhưng shop không hỗ trợ được gì, thất vọng",1,"chào liliger, không biết bạn chưa hài lòng về điều gì về sản phẩm bên shop ạ? hãy nói cho shop biết để shop khắc phục ạ. nếu bạn đã hài lòng thì bạn vui lòng đánh giá 5 sao giúp shop nhé."
sảp phầm chất lượng kém không đáng tiền lại còn bốc mùi kinh tởm không nên mua,1,"chào n*o, không biết bạn chưa hài lòng về điều gì về sản phẩm bên shop ạ? hãy nói cho shop biết để shop khắc phục ạ. nếu bạn đã hài lòng thì bạn vui lòng đánh giá 5 sao giúp shop nhé."
"không hài lòng lắm, với lại shipper giao hàng không gọi gửi thẳng về nhà hàng xóm? làm như vậy chắc không mua lần nữa",1,"chào n*2, không biết bạn chưa hài lòng về điều gì về sản phẩm bên shop ạ? hãy nói cho shop biết để shop khắc phục ạ. nếu bạn đã hài lòng thì bạn vui lòng đánh giá 5 sao giúp shop nhé."
thái độ phục vụ quá tệ chất lượng sản phẩm quá kém mọi người nên tranh xa rồi nha,1,"chào y*j, không biết bạn chưa hài lòng về điều gì về sản phẩm bên shop ạ? hãy nói cho shop biết để shop khắc phục ạ. nếu bạn đã hài lòng thì bạn vui lòng đánh giá 5 sao giúp shop nhé."
bao bì thì để là quần lót tam giác.còn giao thi 1 nẻo.con giao nhanh gì mà cả 11 bữa mới nhận được.tơi lúc nhận thi sai hàng.nếu chọn được mức không sao tôi chọn không sao luôn,1,"chào t*3, không biết bạn chưa hài lòng về điều gì về sản phẩm bên shop ạ? hãy nói cho shop biết để shop khắc phục ạ. nếu bạn đã hài lòng thì bạn vui lòng đánh giá 5 sao giúp shop nhé."
"shop không che tên sản phẩm, đây là điều không hay vì đây là sản phẩm tế nhị, shop nên rút kinh nghiệm",1,
shop làm việc không có trách nhiệm chất lượng thì không nói đến giao hàng không đúng yêu cầu đưa ra lúc chat đã nhắn tin dặn dò cụ thể cứ vâng vâng dạ dạ rồi cũng chẳng làm theo ,1,
chất liệu vải không phải thun lạnh shop làm ăn thiếu uy tín quá. mong shop cố gắng khắc phục,1,"cảm ơn bạn đã mua hàng bên shop, nếu bạn không hài lòng về sản phẩm, bạn vui lòng liên hệ shop để được hỗ trợ ạ."
đặt size l . shop chắc hết hàng nên giao 3 cái size l và 1 cái quần cũ size 2xl.,1,
không giống hình,1,"chào n*o, không biết bạn chưa hài lòng về điều gì về sản phẩm bên shop ạ? hãy nói cho shop biết để shop khắc phục ạ. nếu bạn đã hài lòng thì bạn vui lòng đánh giá 5 sao giúp shop nhé."
"chất lượng sản phẩm khá ok nhưng giao hàng quá lâu. đặt hàng từ 22/5 mà đến tối 26/5 mới nhận được, có nhắn tin cho shop che tên nhưng không che. nói chung là không hài lòng",1,
"đã nhắc che tên rồi  thêm thằng shipper mồm to , thôi 1 sao ( hàng dùng ok )",1,"chào phuonganh12345q, không biết bạn chưa hài lòng về điều gì về sản phẩm bên shop ạ? hãy nói cho shop biết để shop khắc phục ạ. nếu bạn đã hài lòng thì bạn vui lòng đánh giá 5 sao giúp shop nhé."
giao sai sản phẩm.,1,"chào n*0, không biết bạn chưa hài lòng về điều gì về sản phẩm bên shop ạ? hãy nói cho shop biết để shop khắc phục ạ. nếu bạn đã hài lòng thì bạn vui lòng đánh giá 5 sao giúp shop nhé."
"quần giặt 1 lần bằng máy duy nhất giãn chun luôn lại phải bỏ, anh em đừng mua",1,"chào giang6005, không biết bạn chưa hài lòng về điều gì về sản phẩm bên shop ạ? hãy nói cho shop biết để shop khắc phục ạ. nếu bạn đã hài lòng thì bạn vui lòng đánh giá 5 sao giúp shop nhé."
mình mua hàng thanh toán tiền trước giờ chưa nhận được hàng tiền thanh toán rồi. chả biết gọi cho ai hỏi bây giờ,1,"chào sonanozto, không biết bạn chưa hài lòng về điều gì về sản phẩm bên shop ạ? hãy nói cho shop biết để shop khắc phục ạ. nếu bạn đã hài lòng thì bạn vui lòng đánh giá 5 sao giúp shop nhé."
"đặc có mấy cái quần gần 1 tháng mới nhận hàng, mỗi kho deplay 4-5 ngày, không hiểu hàng tồn cở nào, mà đặc hàng khác về kho đó vẫn nhận trước. làm việc vậy rồi mấy hàng đông lạnh hay hàng cần gấp sẽ ra sao. đây là thiếu trách nhiệm chứ không phải do hàng nhiều",1,
đã 1 lần rất ưng ý nhưng lần này thất vọng thật sự lấy size 3xl mà giao size nhỏ hơn vỏ 1 đằng lõi 1 nẻo,1,"dạ shop xin lỗi vì giao nhầm hàng cho bạn ạ, bạn rep tin nhắn để shop đổi cho bạn ạ"
"mua lần hai vẫn tiếp tục giao sai cỡ , quá thất vọng, không bao giờ mua tiếp nữa",1,
gói hàng sơi sài không thực hiện theo yêu cầu của người bán . kiêu che tên sản phẩm rồi mà vẫn không che,1,
"đặt quần tam giác lại ship quần đùi , nhắn tin shop không trả lời",1,"dạ mong bạn thông cảm chắc shop đóng nhầm cho bạn ạ, bạn rep tin nhắn giúp shop để shop đổi cho bạn ạ."
"đã note shop che tên sản phẩm rồi mà vẫn để y nguyên, không hài lòng",1,
quần 4 màu mà khi giao được 2 màu shop làm ăn chán lắm,1,
chất rất nóng mọi người nhé . chất mút shop không phải cotton,1,
rao 4 cái rách mẹ mất 1 cái.chán không thèm chụp ảnh.,1,
hàng tốt,1,"chào p*g, không biết bạn chưa hài lòng về điều gì về sản phẩm bên shop ạ? hãy nói cho shop biết để shop khắc phục ạ. nếu bạn đã hài lòng thì bạn vui lòng đánh giá 5 sao giúp shop nhé."
"hộp 1 kiểu,quần 1 kiểu,làm ăn quá chán",1,"chào ductien_qn, không biết bạn chưa hài lòng về điều gì về sản phẩm bên shop ạ? hãy nói cho shop biết để shop khắc phục ạ. nếu bạn đã hài lòng thì bạn vui lòng đánh giá 5 sao giúp shop nhé."
mua quần mà giao vớ,1,
đặt size xl thì shop lại giao l không mặc được,1,
không hài lòng vì bảo che tên giúp vẫn để yên như vậy,1,
"giao hàng sai, phản hồi chậm",1,
"gửi thiếu hàng mà tiền vẫn vậy, làm ăn kiểu gì",1,
sai sản phẩm,1,
hàng thì ok còn shop thì kêu ẩn tên sản phẩm dùm ok ok đã rồi cũng như không .quá mệt mỏi,1,
không hài lòng cách phục vụ !,1,
đặt xl mà giao l sao mặc vừa hả shop . chắc bỏ luôn quá . mới mua lần đầu mà vậy rồi . chán thiệt ,1,"quần anh chị nói là quần dệt kim nên hianx nhiều lắm nên mọi ngưoi chú ý, nếu mặc quần khác size xl thì quần dệt kim này chỉ size l thoi nhé, vì quần này form to rồi mà còn giãn nhiều giống fre size vậy. shop cám ơn chị nhé"
65kí đặt size xl nhưng vẫn chật,1,anh có phá shop hay không chứ 65kg thì không thể chật dù anh cao bao nhiêu nhé anh có thể cho biết anh cao khoảng bao nhiêu không anh
"quần quá mỏng, chất lượng kém chưa mặc mới chỉ xỏ chân đã rách rồi, mọi người chú ý khi mua",1,
"đã nhắn tin nhờ shop che tên giúp nhưng shop không làm, giao hàng rất lâu",1,
"mình liên hệ shop xin được gửi trả hàng mà không nhận được phản hồi, nếu 1 chiếc rách thì thôi đây 1 hộp 5 chiếc rách 2 cái luôn, biết là lỗi nhà sản xuất nhưng shop cskh kém quá, không bao giờ mua tiếp",1,
"mua 1 lần không bao giờ có lần thứ 2, quần size l mà bé như size xs vậy, chăm sóc khách hàng thì không ra gì",1,
sản phẩm không như mô tả size 4xl mà nhỏ cở con nít mặt . nhắn tin shop đổi trả thì không rep.dịch vụ quá tệ ăn 1 sao,1,
shop bán hàng không có tâm. mua 10 cái thì độn vào hết 5 cái may cẩu thả như hình mình đã đưa lên. lần đầu cũng như lần cuối mua hàng shop này. ,1,
giao hàng thì thiếu. nhắn thì không đọc. shop làm ăn kì cục. mọi người mua né shop này ra nha,1,
shop làm ăn rất vớ vẩn. chat thì chỉ vâng mới dạ. gọi điện thì toàn kêu không phải shop mình. làm ăn thất đức sớm nghiệp quật. thôi coi như bố thí 160k chả đáng là cái gì. 160k mua được nhân cách shop luôn anh em ạ. mua hàng không trả lại được đâu nhé nên mọi người chú ý,1,
"quần mặc không thích, quần mỏng, đai nhỏ. chất liệu không thấm hút, cảm giác pha nilon không thấm hút mồ hôi. chắc tiền nào của nấy, hàng nhái rồi",1,
giao thiếu sản phẩm. không kiểm tra hàng trước khi giao. không hài lòng. ,1,
"mình mua bộ 5 quần lót tam giác và bộ 5 quần đùi lót , mà shop gửi 5 quần lót nhỏ và 5 quần lót size lớn hơn 1 tí ! thế 5 quần đùi lót chính là 5 cái quần size lớn à ? bên shop lỗi giao hàng nhầm hay là sản phẩm các bạn không giống như trong hình ? lừa đảo khách hàng !",1,
mua 5 quần chỉ giao 4 cái. chất vải dễ dãn và nát form nếu sử dụng thường xuyên. khuyến cáo nên liên hệ trước khi mua,1,
"thất vọng, shop phục vụ kém vô trách nhiệm, mua 3xl mà giao xl ai mà mặc được. đổi trả thì tự đi trả hàng tận lĩnh nam xa lắc xa lơ. ức chế và bực mình. ",1,
mình đặt hàng shop này. mình đặt size xl shop giao l? nhân viên nhắn tin 10h/1 tin nhắn. xử lí như con rùa để mình phải gọi điện trực tiếp hotline. bực mình.,1,
"quần leging mà y quần tây, xấu quá đáng. chỉ thì bung hết cả ra. không nên mua",1,
chất vải thì ok đóng hàng thì nhanh nhưng đến khi có sai sót thì lâu lắc đặt 2 set giao 1 set vẫn tính tiền 2 set nhắn tin khiếu nại thì kêu kiểm tra lại và chưa giải quyết tin nhắn ghim của shop là ( thiếu sót thì quay video mở hàng để được đổi trả) ai biết trước được thiếu hàng mà quay video ,1,
"chưa mở ra xem không biết chất lượng thế nào nhưng trên bao bì không ghi số tiền cần thanh toán mua với giá 164k , nhờ chồng nhận hộ ship thu 260k , giờ liên hệ ship ship bảo thu 164k, quá thất vọng",1,
shop giao lộn size cho khách còn không chịu đổi hàng chán chả muốn nói đặt size xl mà giao sz l về mặc kiểu gì đây,1,
"hàng giao không đúng hàng, đặt sịp tam giác lại giao sịp quần. chồng thì không mặc sịp quần bao giờ, bây giờ mua về vứt đi. chán hẳn luôn. ngoài đơn hàng cũng ghi hộp 5 quần lót tam giác rồi mà bên trong thì là quần đúng là mua bực vào người",1,
chất lượng quá kém nên cỡ xl chỉ dành cho người 55kg đường may ẩu lệch lạc ,1,
em đặt x2 hộp 5 quần lót mà khi giao mở hàng ra chỉ có 1 hộp 5 quần lót,1,
chất vãi xấu shop lừa đảo không trả tiền các bạn không nên mua shop này,1,
"mỏng như giấy gió , cạp quần không cố định được cứ trễ xuống . quảng cáo thì hay lắm anh chị nào mua rồi thì biết chất lượng nhắn tin nhắn . như shit ạ",1,
treo đầu dê bán thịt chó. trên hình là vải lỗ ship là bải thường. ,1,
"đường may xấu, chỉ thừa nhiều. hàng gia công chứ không phải của nhật.",1,
mình đặt số lượng 2 combo ( mỗi combo là 5 quần ) mà shop đóng gói giao chỉ có số lượng 1 - 5 cái. mình cứ tin tưởng shop làm ăn uy tín nên nhờ người nhà nhận giúp. không kiểm tra lại. bây giờ mở ra thì mới phát hiện tiền hàng không có bao nhiêu nhưng làm mình không được vui vẻ lắm. nhắn tin không rep,1,
hàng dởm quá . may cái đáy quần quá ngắn như cho con gái vậy . mặt vào bó hàng chịu không được .,1,
cskh quá kém. mình đặt hàng và ngay lập tức phát hiện sai địa chỉ vì mình về quê. nên hủy ngay lập tức nhưng sau 1 ngày mòn mỏi chờ thì nhận được shop từ chối hủy đơn. dù mình hủy ngay để thay đổi địa chỉ. quần size không chuẩn.,1,
"mua 5 cái có ghi chú là 5 màu khác nhau nhưng giao là trùng màu hết 3 cái. chat với nhân viên shop thì đợi lâu, trả lời dạ, ừ, không",1,
giao thiếu hàng mà không chịu bank bù lại tiền cho khách. trả lời ib quá chậm khi khách phản hồi thiếu hàng. 1 sao,1,
"quần rất tệ, quá ngắn, không đúng size, mọi người nên đánh giá khách quan để người sau không mua lầm!",1,
"mua tam giác thì đưa ship đùi ( khó chịu lần 1 , sự cẩu thả trong khâu đóng hàng ) . cố mặc vì thủ tục đổi trả của shop rất lằng nhằng , nhưng đã vậy 5 cái xl thì 3 cái bé như kiểu size m vậy bé không thể mặc nổi ( khó chịu lần 2 ) . nói chung kết luận , của rẻ nên không thể đòi hỏi hơn người ta phục vụ tốt",1,
đúng kí đúng chiều cao mua theo hướng dẫn của shop mà hơi rộng 5 cái cùng 1 size xl mà 2 cái vừa 2 cái như size xl shop bán đồ đánh sai không đúng ,1,
"1 cái quần bị lủng lổ, bùn.",1,
mua 2 giao 1 mà mình quên không kiểm tra hàng trước tôi vì mình tin shop . chắc không có mua lần nữa rồi ,1,
hàng chụp ảnh thì chuẩn. hàng nhận được là quần may gia công chất lượng kém.rẻ tí đi kèm chất lượng kém.không nên mua .,1,
"sản phẩm ok. nhưng shop rất xem thường khách, khách hỏi và muốn tư vấn không thèm trả lời, có lẽ không biết chữ.",1,
"gửi hàng sai, không phản hồi tin nhắn",1,
"shop làm ăn lừa đảo, mua 2 giao 1.không uy tín,biết thiếu nhưng cố tình không giao thêm.liên hệ nhiều lần nhưng cố tình né tránh.buôn bán không có lương tâm.",1,
gói hàng tệ dù đã nhắn tin cho shop 2 lần nhưng rep kiểu không cần khách vậy ,1,
"quần nhỏ,ngắn,như cho không gái mặc đóng gói móp méo,",1,
"mua lần đầu cũng như lần cuối ,ghi 5 giao 4 sống nhăn",1,
hàng chất lượng kém lỡ mua rồi thì cố dùng thôi nói tóm lại không bao giờ mua hàng quần áo nữa,1,
"hi shop, 3 lốc quần tam giac 3xl bị lỗi rồi,khách 85kg mặc không vừa. mình có ghi chú shop không để ý gì hết",1,
"sản phẩm không thích như mình đã mua ngoài chợ, cạp chun bo đều sử dụng vải quần may vào nên độ co giãn rất kém,không ôm quần cùng size mà kích thước cái to cái bé lần sau không dám mua đồ rẻ thế này,mặc rất chán",1,
"chưa nhận được hàng mà shop lại bảo nhận rồi. xong còn bảo để xem lại bên vận chuyển xong im re luôn. 2 tuần rồi. kém, quá kém",1,
"size bị bé hơn nhiều. chán, mua những 10 cái chả nhẽ bỏ đi ",1,
nay ông xã mới lấy quần ra mặc. mới mặc vô chỉ đã bung hết rách luôn một đường từ trước ra sau luôn,1,
"không nhận được hàng, phản hồi trả hàng cũng không được hỗ trợ",1,
"mặc chán. nhìn như sịp phụ nữ. đàn ông mặc ngại, dễ ""lộ hàng"". nói chung phù hợp cho chị em hơn là nam giới. ",1,
"hàng size xl nhỏ hơn so với size ngoài thị trường, không sử dụng được đành cho lại người khác",1,
hàng kém chất lượng. không như quảng cáo. thất vọng toàn tập,1,
hàng nhật nhái không phải loại cotton xịn như mình mua lần trước. chất vải trơn mỏng quá đắt,1,
sản phẩm ổn nhưng chắm sóc khách hàng quá kém cần cải thiện!,1,
giao sai sản phẩm trả còn gì để nói vừa chật lại không đúng loại mua tam giác thành quần đùi ,1,
"quần cạp quá ngắn, mặc khó chịu. nên mô tả sản phẩm đúng với thực tế, tiền ít cũng là tiền.",1,
hàng 2 màu không đúng hình ảnh,1,
hàng vải xù kem chất lượng không như quảng cáo. đánh giá 1 sao.,1,
giặn che tên sản phẩm mà không che,1,
hàng nhái thấy rõ,1,
áo bra mỏng nhìn lộ cả lót,1,
mua 2 loại giá khác nhau nhận đồng loạt 1 loại,1,
"chất bóng in , chữ in không sắc nét ",1,
"shop giao sai size, nhưng không giải quyết hợp lí",1,
"giao thiếu hàng, không có thiện chí giải quyết",1,
kích thước quá nhỏ dù đã chọn xl,1,
nên cân nhắc khi mua,1,
4xl mà giao xl không nên mua,1,
thái độ phục quá kém,1,
shop ơi. giao số lượng thiếu.,1,
"quần như quần chip phụ nữ, thun co giãn kém.",1,
quần quá nhỏ không vừa size,1,
hàng không như mong đợi,1,
size bị to so với mô tả,1,
đặt hàng 1 loại giao hàng 1 loại khác,1,
phản hồi chậm. ,1,
giao hàng không đúng với sản phẩm đăng bán,1,
dịch vụ kém. giao hàng không kiểm size,1,
sản phẩm như cứt,1,
không che tên sản phẩm làm ăn thiếu chuyên nghiệp,1,
đã cho 5 sao sau khi sử dụng 1 tuần đánh giá 1 sao,1,
sai không giống như quảng cáo,1,
chất lượng quá kém,1,
tệ.vô cùng tệ.,1,
không làm theo yêu cầu của khách,1,
"không hài lòng thái độ của như vậy chưa đến nơi gọi đứng chờ chán đi mới tới giao hàng. thối tiền thiếu không nói gì, hỏi lại thì  trả lời em có tiền lẻ ",1,
"quảng cáo là thun lạnh, co giãn. mà nhận được thì thấy quần cứng nóng, co giãn ít, buồn, nói chung là không nên mua.",1,"shop rất xin lỗi vì trải nghiệm mua hàng chưa tốt lần này. trường hợp bạn gặp phải, hãy nhắn tin ngay cho shop để shop có phương án xử lý và hỗ trợ trả hàng hoặc hoàn tiền kịp thời cho bạn ạ. shop cam đoan sẽ không bao giờ để khách hàng phải chịu thiệt thòi đâu ạ. - quần lót nam, quần sịp nam, đồ lót nam, quần xì nam, quần sịp nam coton, quần ship nam, quần lót nam boxer, sịp đùi nam, quần lót nữ, quần lót su nữ, quần lót su đúc không đường may, quần áo trẻ em, đồ bộ cho bé, bộ quần áo bé trai"
"thất vọng, đã ghi chú yêu cầu che tên sản phẩm và không lấy quần đỏ mà cuối cùng như vậy, có ib riêng cho shop nhắc thêm shop báo đã thấy ghi chú mà vậy",1,"shop rất xin lỗi vì trải nghiệm mua hàng chưa tốt lần này. trường hợp bạn gặp phải, hãy nhắn tin ngay cho shop để shop có phương án xử lý và hỗ trợ trả hàng hoặc hoàn tiền kịp thời cho bạn ạ. shop cam đoan sẽ không bao giờ để khách hàng phải chịu thiệt thòi đâu ạ. - quần lót nam, quần sịp nam, đồ lót nam, quần xì nam, quần sịp nam coton, quần ship nam, quần lót nam boxer, sịp đùi nam, quần lót nữ, quần lót su nữ, quần lót su đúc không đường may, quần áo trẻ em, đồ bộ cho bé, bộ quần áo bé trai"
"quần bị lem màu sẵn, giặt cũng chẳng ra. sao lại lấy quần bị lem bán cho khách cũng không hiểu nổi",1,"shop rất xin lỗi vì trải nghiệm mua hàng chưa tốt lần này. trường hợp bạn gặp phải, hãy nhắn tin ngay cho shop để shop có phương án xử lý và hỗ trợ trả hàng hoặc hoàn tiền kịp thời cho bạn ạ. shop cam đoan sẽ không bao giờ để khách hàng phải chịu thiệt thòi đâu ạ. - quần lót nam, quần sịp nam, đồ lót nam, quần xì nam, quần sịp nam coton, quần ship nam, quần lót nam boxer, sịp đùi nam, quần lót nữ, quần lót su nữ, quần lót su đúc không đường may, quần áo trẻ em, đồ bộ cho bé, bộ quần áo bé trai"
"cái quần nam trên hình là viền trắng rõ ràng, giao háng cái quần viền màu, coi dối trá chưa ",1,"shop rất xin lỗi vì trải nghiệm mua hàng chưa tốt lần này. trường hợp bạn gặp phải, hãy nhắn tin ngay cho shop để shop có phương án xử lý và hỗ trợ trả hàng hoặc hoàn tiền kịp thời cho bạn ạ. shop cam đoan sẽ không bao giờ để khách hàng phải chịu thiệt thòi đâu ạ. - quần lót nam, quần sịp nam, đồ lót nam, quần xì nam, quần sịp nam coton, quần ship nam, quần lót nam boxer, sịp đùi nam, quần lót nữ, quần lót su nữ, quần lót su đúc không đường may, quần áo trẻ em, đồ bộ cho bé, bộ quần áo bé trai"
25k/ quần như này không đáng chút nào chưa mặc đã giãn phí tiền thật sự,1,"shop rất xin lỗi vì trải nghiệm mua hàng chưa tốt lần này. trường hợp bạn gặp phải, hãy nhắn tin ngay cho shop để shop có phương án xử lý và hỗ trợ trả hàng hoặc hoàn tiền kịp thời cho bạn ạ. shop cam đoan sẽ không bao giờ để khách hàng phải chịu thiệt thòi đâu ạ. - quần lót nam, quần sịp nam, đồ lót nam, quần xì nam, quần sịp nam coton, quần ship nam, quần lót nam boxer, sịp đùi nam, quần lót nữ, quần lót su nữ, quần lót su đúc không đường may, quần áo trẻ em, đồ bộ cho bé, bộ quần áo bé trai"
như cứt,1,"shop rất xin lỗi vì trải nghiệm mua hàng chưa tốt lần này. trường hợp bạn gặp phải, hãy nhắn tin ngay cho shop để shop có phương án xử lý và hỗ trợ trả hàng hoặc hoàn tiền kịp thời cho bạn ạ. shop cam đoan sẽ không bao giờ để khách hàng phải chịu thiệt thòi đâu ạ. - quần lót nam, quần sịp nam, đồ lót nam, quần xì nam, quần sịp nam coton, quần ship nam, quần lót nam boxer, sịp đùi nam, quần lót nữ, quần lót su nữ, quần lót su đúc không đường may, quần áo trẻ em, đồ bộ cho bé, bộ quần áo bé trai"
sẽ không mua lại,1,"shop rất xin lỗi vì trải nghiệm mua hàng chưa tốt lần này. trường hợp bạn gặp phải, hãy nhắn tin ngay cho shop để shop có phương án xử lý và hỗ trợ trả hàng hoặc hoàn tiền kịp thời cho bạn ạ. shop cam đoan sẽ không bao giờ để khách hàng phải chịu thiệt thòi đâu ạ. - quần lót nam, quần sịp nam, đồ lót nam, quần xì nam, quần sịp nam coton, quần ship nam, quần lót nam boxer, sịp đùi nam, quần lót nữ, quần lót su nữ, quần lót su đúc không đường may, quần áo trẻ em, đồ bộ cho bé, bộ quần áo bé trai"
hàng rất đẹp nhưng đang ôm nhau với người yêu thì bị người khác bắt nên cho 1 sao thôi,1,"shop rất xin lỗi vì trải nghiệm mua hàng chưa tốt lần này. trường hợp bạn gặp phải, hãy nhắn tin ngay cho shop để shop có phương án xử lý và hỗ trợ trả hàng hoặc hoàn tiền kịp thời cho bạn ạ. shop cam đoan sẽ không bao giờ để khách hàng phải chịu thiệt thòi đâu ạ. - quần lót nam, quần sịp nam, đồ lót nam, quần xì nam, quần sịp nam coton, quần ship nam, quần lót nam boxer, sịp đùi nam, quần lót nữ, quần lót su nữ, quần lót su đúc không đường may, quần áo trẻ em, đồ bộ cho bé, bộ quần áo bé trai"
"chất lượng quần quá kém. bị phai màu nhất là màu đỏ. do bị phai màu nên màu lẫn lộn nhìn rất kinh. vải quần quá kém chất lượng khác xa quảng cáo. để giữ uy tín, rất mong shopee kiểm định, thẩm tra shop khi đăng bán. quá thất vọng khi mua hàng lần này",1,nếu bạn chưa hài lòng về sản phẩm bên shop bạn cứ nhắn tin cho shop nhé ! shop nhận được phản hồi sẽ nhanh chóng hỗ trợ cho bạn ngay ạ ! cảm ơn bạn ạ !
chất lượng quá kém,1,nếu bạn chưa hài lòng về sản phẩm bên shop bạn cứ nhắn tin cho shop nhé ! shop nhận được phản hồi sẽ nhanh chóng hỗ trợ cho bạn ngay ạ ! cảm ơn bạn ạ !
trước khi mua có ib dặn là 4 cái màu xám và shop đã đồng ý. sợ shop quên nên đặt mua ghi ở ghi chú là 4 màu xám. và nhận hàng thì ra 4 màu xanh đen. ib nói chuyện với shop thì shop xem và không rep. thái độ buôn bán rất kém. sản phẩm thì ok,1,"shop rất xin lỗi vì trải nghiệm mua hàng chưa tốt lần này. trường hợp bạn gặp phải, hãy nhắn tin ngay cho shop để shop có phương án xử lý và hỗ trợ trả hàng hoặc hoàn tiền kịp thời cho bạn ạ. shop cam đoan sẽ không bao giờ để khách hàng phải chịu thiệt thòi đâu ạ. - quần lót nam, quần sịp nam, đồ lót nam, quần xì nam, quần sịp nam coton, quần ship nam, quần lót nam boxer, sịp đùi nam, quần lót nữ, quần lót su nữ, quần lót su đúc không đường may, quần áo trẻ em, đồ bộ cho bé, bộ quần áo bé trai"
"thời gian giao hàng lâu , giao quần không đúng mẫu",1,"shop rất xin lỗi vì trải nghiệm mua hàng chưa tốt lần này. trường hợp bạn gặp phải, hãy nhắn tin ngay cho shop để shop có phương án xử lý và hỗ trợ trả hàng hoặc hoàn tiền kịp thời cho bạn ạ. shop cam đoan sẽ không bao giờ để khách hàng phải chịu thiệt thòi đâu ạ. - quần lót nam, quần sịp nam, đồ lót nam, quần xì nam, quần sịp nam coton, quần ship nam, quần lót nam boxer, sịp đùi nam, quần lót nữ, quần lót su nữ, quần lót su đúc không đường may, quần áo trẻ em, đồ bộ cho bé, bộ quần áo bé trai"
hàng chưa mang đã bị lỗi,1,chào bạn ! shop nhận được đánh giá từ bạn. nếu sản phẩm bên shop bị lỗi thì bạn nhắn tin cho shop để nhân viên bên shop hỗ trợ và giải quyết cho bạn ạ !
"lúc mua hình ảnh không có màu đỏ,lúc nhận lại có quần màu đỏ?",1,"dạ sản phẩm này shop có màu đỏ ạ ! bên hình ảnh sản phẩm shop cũng có để hình quần màu đỏ, chắc do bạn chưa lướt hết hình ảnh nên mới không thấy ạ ! nếu bạn không muốn lấy màu đỏ thì nhắn tin cho shop shop sẽ không lấy ạ ! "
kinh hãi shop này mua 4 giao 1,1,"shop rất xin lỗi vì trải nghiệm mua hàng chưa tốt lần này. trường hợp bạn gặp phải, hãy nhắn tin ngay cho shop để shop có phương án xử lý và hỗ trợ trả hàng hoặc hoàn tiền kịp thời cho bạn ạ. shop cam đoan sẽ không bao giờ để khách hàng phải chịu thiệt thòi đâu ạ. - quần lót nam, quần sịp nam, đồ lót nam, quần xì nam, quần sịp nam coton, quần ship nam, quần lót nam boxer, sịp đùi nam, quần lót nữ, quần lót su nữ, quần lót su đúc không đường may, quần áo trẻ em, đồ bộ cho bé, bộ quần áo bé trai"
chất lượng sản phẩm kém,1,"shop rất xin lỗi vì trải nghiệm mua hàng chưa tốt lần này. trường hợp bạn gặp phải, hãy nhắn tin ngay cho shop để shop có phương án xử lý và hỗ trợ trả hàng hoặc hoàn tiền kịp thời cho bạn ạ. shop cam đoan sẽ không bao giờ để khách hàng phải chịu thiệt thòi đâu ạ. - quần lót nam, quần sịp nam, đồ lót nam, quần xì nam, quần sịp nam coton, quần ship nam, quần lót nam boxer, sịp đùi nam, quần lót nữ, quần lót su nữ, quần lót su đúc không đường may, quần áo trẻ em, đồ bộ cho bé, bộ quần áo bé trai"
quần xấu,1,"shop rất xin lỗi vì trải nghiệm mua hàng chưa tốt lần này. trường hợp bạn gặp phải, hãy nhắn tin ngay cho shop để shop có phương án xử lý và hỗ trợ trả hàng hoặc hoàn tiền kịp thời cho bạn ạ. shop cam đoan sẽ không bao giờ để khách hàng phải chịu thiệt thòi đâu ạ. - quần lót nam, quần sịp nam, đồ lót nam, quần xì nam, quần sịp nam coton, quần ship nam, quần lót nam boxer, sịp đùi nam, quần lót nữ, quần lót su nữ, quần lót su đúc không đường may, quần áo trẻ em, đồ bộ cho bé, bộ quần áo bé trai"
báo huỷ rồi còn cố giao bảo từ người ta đặt thêm đỡ mất ship má nhà nó,1,
shop giao đúng mẫu mã và mặc rất ưng mỗi tội dặn shop che tên sảm phẩm thì shop không che,1,
"quần mỏng hơn chứ không như mình nghĩ,mặc vào có cảm giác vẫn ngổng lên như bình thường. hàng quá tệ. nhắn tin phản hồi còn không trả lời",1,hân hạnh ạ
"đặt quần sịp đùi, mở hàng ra kiểm tra thì không có quần sịp nào hết, thay thế bằng đôi vớ. shop bán hàng không có uy tín",1,
"quá kém quần mua mặc được 1 hôm tuột hết chỉ, mọi người không nên mua hàng, chất lượng quá kém.",1,
không như mong đợi bảo shop cho 3 cái 3 màu một màu mặc gì,1,
chất lượng quá tệ,1,
quần không ngon mấy,1,
"sản phẩm rất kém chất lượng ạ . mọi người không nên mua nha , vải vừa mỏng xong cạp nó còn không bó sát được cứ rộng nhoành , mình sẽ không ủng hộ shop lần nào nữa",1,
chưa nhận được hàng. tôi không biết người nào tên linh lừa đảo khách hàng. rồi sẽ sập thôi,1,
"bảo shop che tên sản phẩm nhưng khi nhận hàng không thấy che chỗ nào , quần rất mỏng luôn như lá lúa vậy ai mặc được , mọi người đừng ham rẻ mà mua hàng mua về dùng không được , đừng chỉ may 1 đường rất tệ có cái con bông chỉ ra , giao hàng rất chậm ,",1,
lừa đảo mình săn sale được 9k mà nó không giao cho mình mà kêu là đã giao làm ăn thất đức và không cho mình số shipper để gọi hỏi chứng tỏ lừa đảo hay ỉ ít tiền không giao? mong shop ế suốt đời,1,
hàng không đúng như hình ảnh. gửi 3 cái cùng 1 màu thì sao mà mặc. hàng có triệu chứng tược chỉ mún rách. quá kém chất lượng. mọi người cân nhắc khi mua nhé,1,
shop làm ăn không chuyên nghiệp giao thiếu đồ mà không rep tin nhắn,1,
không tem mác như hàng sida,1,
"quần mỏng, đặt 3 màu giao chỉ một màu",1,
"hàng quá mỏng,mặc không bó",1,
mang 1 lần rồi vứt ,1,
shipper có không sao thì cho luôn không giao hàng,1,
xấu,1,
mua 10 chỉ có 7 còn 3 mất đâu rồi ,1,bạn nhắn tin cho shop để giải quyết ạ
trước khi mua đã dặn rất kĩ là giao đúng màu.nhưng vẫn giao sai màu.cảm thấy không hài lòng,1,cảm ơn anh đã ủng hộ shop ❤
"6 cái không mác không hộp nằm không trong 1 cái tui gói của shopee, 54k/ cái. thế nhỡ có ai mặc rồi xong trả hàng thì chắc nó lại ship nguyên bộ đó đi mất. bình thường mua sịp chồng 50k/ cái có hộp có mác đàng hoàng rồi. mọi người cân nhắc khi mua",1,
sản phẩm quá tệ. các bạn mà lỡ mua không hài lòng thì đừng mơ mà đổi trả.,1,"khách mua không vừa size, không liên hệ shop để hỏi đổi lại mà nhất quyết đòi trả hàng. shop giải thích thì bảo thái độ, yêu cầu shope phải giải quyết trả hàng cho mình trong khi các khách khác của shop vẫn đổi size bình thường. shope hủy yêu cầu trả hàng vì lý do không thoả đáng, nên vào chấm shop 1* "
giao nhầm size quần,1,
"vải gì mà mỗi lần giặt đều ra màu ghê qá,phản hồi thì trả lời mua hàng mấy chục mà đòi như hàng mấy trăm.trời ơi mấy chục cũng tiền đó shop,buôn bán không uy tín giờ nói vậy à.vải gì mà tởm hơn hàng chợ 10k/cái.",1,"shop rất tiếc vì đơn hàng này chưa làm bạn hài lòng, shop sẽ tiếp thu ý kiến của bạn và phản ánh về sản phẩm với nhà cung cấp ạ"
"vừa mặc đã rách, shop bảo liên hệ để đổi trả mà có thấy liên hệ đâu, tôi tự liên hệ lại thì shop chặn luôn tin nhắn, đánh giá người mua 1 sao. shop ăn xổi ở thì, làm ăn chộp giật quá, bán hàng kém chất lượng lại còn đi đánh giá người mua như thế có chấp nhận được không",1,"shop đã liên hệ với bạn để hỗ trợ bạn đổi hàng ạ, sau này bạn mua hàng nếu có vấn đề gì cứ liên hệ với shop trước khi đánh giá nha, hàng may mặc thi thoảng sẽ có trường hợp lỗi và shop luôn có trách nhiệm với điều đó ạ."
ship thì lâu gửi đến thì sài mẫu quần chéo mà thành quần đùi 1 sao nhé. mọi người mua shop này hên xui thôi. lúc gửi đúng hàng lúc thì không đúng. nên đừng mua chắc nhất,1,"shop thành thật gửi lời xin lỗi đến bạn nếu sản phẩm bị gửi nhầm, đôi khi sai sót do con người là không thể tránh khỏi. shop luôn sẵn sàng khắc phục sai sót nếu bạn phản hồi cho shop biết ạ."
"chưa bao giờ đánh giá 1 sao cho shop nào, nhưng shop này làm ăn quá tệ, lần đầu mua quần thì bé so với thông số, phải đi mua lại lần 2 thì mua sịp tam giác đi gửi sịp quần, tức điên máu. không bao giờ quay trở lại, ai có ý định mua thì chuẩn bị tinh thần hên xui với cái shop này",1,"mình rất tiếc đã chưa làm bạn hài lòng trong lần mua hàng này. tuy nhiên shop cũng chưa nhận được phản hồi gì của bạn trong tin nhắn, rất mong bạn để lại ý kiến để shop có thể khắc phục và cải thiện các vấn đề mắc phải trong thời gian tới ạ."
"tôi không mua sản phẩm này, nhưng khi đánh giá hiện ra, không xóa được. rất không hài lòng",1,"mình rất tiếc đã chưa làm bạn hài lòng trong lần mua hàng này. tuy nhiên shop cũng chưa nhận được phản hồi gì của bạn trong tin nhắn, rất mong bạn để lại ý kiến để shop có thể khắc phục và cải thiện các vấn đề mắc phải trong thời gian tới ạ."
"giao sai sản phẩm, mình đặt set 4 cái size nhỏ nhất mà shop giao quần gì 10 cái, to mặc không được ",1,"shop rất xin lỗi bạn về sự cố nhầm lẫn này, có thể nhân viên mới chưa quen nên nhặt nhầm hàng, shop sẽ liên hệ với bạn để đổi hàng ạ"
đặt 4 cái size to nhất thì chỉ được 2 cái còn 2 cái cỡ nhỏ mặc không vừa.thất vọng,1,"mình rất tiếc đã chưa làm bạn hài lòng trong lần mua hàng này. tuy nhiên shop cũng chưa nhận được phản hồi gì của bạn trong tin nhắn, rất mong bạn để lại ý kiến để shop có thể khắc phục và cải thiện các vấn đề mắc phải trong thời gian tới ạ."
anh,1,hi vọng lần tới bạn sẽ hài lòng về sản phẩm hơn ạ
"sản phẩm không có bao bì, không có tem tag nhãn mác thương hiệu gì cả. đóng gói hàng sơ sài, giao hàng quá chậm mà phí ship lại còn cao ngất ngưởng. cam đang lỗi nên không chụp ảnh được.",1,"chào bạn thân yêu, cảm ơn bạn vì đã đánh giá sản phẩm này. aremi thật sự rất hạnh phúc vì bạn đã luôn đồng hành và tin yêu sản phẩm và dịch vụ của ar tại shope trong suốt thời gian vừa qua. hãy tiếp tục ủng hộ ar trong thời gian tới để có cơ hội mang đến sản phẩm và những trải nghiệm tốt hơn cho bạn nhé <3"
làm ăn gì kì vậy? đặt 3 cái quần thì giao thiếu 1 cái. mình liên hệ ship thêm thì không đổi. mình bấm huỷ đơn/ hoàn tiền thì báo là không được kêu mình đặt đơn mới. xong rồi báo shopee đã hoàn rồi? ủa vậy đặt đơn mới ai bù lại cho mình cái quần bị thiếu vậy bạn? giao thiếu hàng cho khách mà không có bù vậy,1,"chào bạn thân yêu, cảm ơn bạn vì đã đánh giá sản phẩm này. aremi thật sự rất hạnh phúc vì bạn đã luôn đồng hành và tin yêu sản phẩm và dịch vụ của ar tại shope trong suốt thời gian vừa qua. hãy tiếp tục ủng hộ ar trong thời gian tới để có cơ hội mang đến sản phẩm và những trải nghiệm tốt hơn cho bạn nhé <3"
"tồi tệ. đặt 2 màu đen ship 2 màu xám. nhắn tin shop thì trả lời vòng vo, yêu cầu trả hàng nhưng do giãn cách bên vận chuyển không nhận cũng không thấy có hướng giải quyết. hỏi thì shop đẩy trách nhiệm nói bên shopee đang xử lý, hỏi shopee thì bảo người bán đang xử lý. hàng chưa dùng đã lỗi",1,
"mình mua 2 sản phẩm. khi mua mình note rất kỹ, đã nhắn tin cho shop và đã được xác nhận. => khi nhận hàng: 1. hộp méo mó. 2. sản phẩm không đúng như mình note là 1 trắng 1 đen. 3. thái độ nhân viên. 4. không có ý muốn đổi hàng. 5. khi yêu cầu đổi thì gợi ý chịu phí ship 1 chiều.",1,"chào bạn thân yêu, cảm ơn bạn vì đã đánh giá sản phẩm này. aremi thật sự rất hạnh phúc vì bạn đã luôn đồng hành và tin yêu sản phẩm và dịch vụ của ar tại shope trong suốt thời gian vừa qua. hãy tiếp tục ủng hộ ar trong thời gian tới để có cơ hội mang đến sản phẩm và những trải nghiệm tốt hơn cho bạn nhé <3"
"thật sự rất thất vọng. với tầm số tiền cho 3 cái sản phẩm mà chất lượng như thế này phải nói là quá kém chất lượng. order 3 cái hết 2 cái bung chỉ như thế này rồi. trong khi sản phẩm mới sử dụng được có 1,2 tuần.",1,"chào bạn thân yêu, cảm ơn bạn vì đã đánh giá sản phẩm này. aremi thật sự rất hạnh phúc vì bạn đã luôn đồng hành và tin yêu sản phẩm và dịch vụ của ar tại shope trong suốt thời gian vừa qua. hãy tiếp tục ủng hộ ar trong thời gian tới để có cơ hội mang đến sản phẩm và những trải nghiệm tốt hơn cho bạn nhé <3"
cái quần trông đóng gói với chất lượng chán quá thật sự không đáng tiền,1,
"giao hàng chậm. quảng cáo không đúng thực tế: nếu bán sản phẩm lẻ thì để hình ảnh 1 sản phẩm, còn nếu bán combo 3 sản phẩm thì hãy nên để ảnh 3 sản phẩm. bán 1 mà đăng ảnh 3, đánh lừa thị giác khách hàng, không khác gì shop treo đầu dê bán thịt chó",1,"a ơi bên mình có 3 màu thì để 3 màu chứ bạn. bạn có hiểu từ treo đầu heo bán thịt chó không ạ, nếu không hiểu mà nói ra thì người ta cười vào mặt bạn ấy ạ hihi"
"đặt shop 2 cái nhưng chỉ giao 1 cái ,cho khắc phục nhưng 11 ngày rồi vẫn im hơi lặng tiếng, lừa đảo thì nói mẹ ra tôi bố thí ok",1,"chào bạn thân yêu, cảm ơn bạn vì đã đánh giá sản phẩm này. aremi thật sự rất hạnh phúc vì bạn đã luôn đồng hành và tin yêu sản phẩm và dịch vụ của ar tại shope trong suốt thời gian vừa qua. hãy tiếp tục ủng hộ ar trong thời gian tới để có cơ hội mang đến sản phẩm và những trải nghiệm tốt hơn cho bạn nhé <3"
sản phẩm không có hộp như hình. 4 chiếc quần gói vào túi nilon như gói giẻ rách. chán,1,"chào bạn thân yêu, cảm ơn bạn vì đã đánh giá sản phẩm này. aremi thật sự rất hạnh phúc vì bạn đã luôn đồng hành và tin yêu sản phẩm và dịch vụ của ar tại shope trong suốt thời gian vừa qua. hãy tiếp tục ủng hộ ar trong thời gian tới để có cơ hội mang đến sản phẩm và những trải nghiệm tốt hơn cho bạn nhé <3"
đặt 2 mà giao hàng có 1 cái. thất vọng,1,"chào bạn thân yêu, cảm ơn bạn vì đã đánh giá sản phẩm này. aremi thật sự rất hạnh phúc vì bạn đã luôn đồng hành và tin yêu sản phẩm và dịch vụ của ar tại shope trong suốt thời gian vừa qua. hãy tiếp tục ủng hộ ar trong thời gian tới để có cơ hội mang đến sản phẩm và những trải nghiệm tốt hơn cho bạn nhé <3"
người bán không tâm huyết áp,1,
thường xuyên giao nhầm size,1,"chào bạn thân yêu, cảm ơn bạn vì đã đánh giá sản phẩm này. aremi thật sự rất hạnh phúc vì bạn đã luôn đồng hành và tin yêu sản phẩm và dịch vụ của ar tại shope trong suốt thời gian vừa qua. hãy tiếp tục ủng hộ ar trong thời gian tới để có cơ hội mang đến sản phẩm và những trải nghiệm tốt hơn cho bạn nhé <3"
giao hàng thiếu đặt 3 giao 2,1,"chào bạn thân yêu, cảm ơn bạn vì đã đánh giá sản phẩm này. aremi thật sự rất hạnh phúc vì bạn đã luôn đồng hành và tin yêu sản phẩm và dịch vụ của ar tại shope trong suốt thời gian vừa qua. hãy tiếp tục ủng hộ ar trong thời gian tới để có cơ hội mang đến sản phẩm và những trải nghiệm tốt hơn cho bạn nhé <3"
"shop giao thiếu 2 áo ngực. nhắn tin cho shop thì không thấy giải quyết. chất vải thì cũng được, quần nam nhìn chất vải không đẹp bằng đồ nữ",1,
shop ghi 55-66kg mà mình 61kg mặc lại bị chật.mặc vài hôm còn bị đỏ hết bẹn.,1,
"lạy chúa, đã kêu che tên mà vẫn để tên sợ hãi thật sự lướt sơ youtube thấy cái clip của khoa pug gì đó đạt gần 6tr views trong vòng chưa đầy 1 ngày. thấy đúng là giới trẻ việt mình rảnh và hóng hớt vl. cả ngày cứ hóng biến giữa những người giàu, những nghệ sĩ để xem ai được ai mất….nhưng cuối cùng",1,
"trên phần giới thiệu thấy shop báo 71kg trở lên dùng 2xl. mình 76kg. nhận hàng mình so với quần mình đang mặc thì mọi người thấy, rộng hơn gần 5cm. nhắn tin báo đổi size thì không thấy shop trả lời. thấy bán được hàng nhận tiền rồi là không quan tâm nữa. dịch vụ kiểu này không chấp nhận được",1,
"đặt hàng màu xám, shop chuyển về màu trắng là không vui rồi. shop không uy tín",1,
"shop quá kém đăng size không chuẩn, gọi điện cho shop không nghe máy, chat không trả lời bán hàng kiểu vô trách nhiệm vậy",1,
lần đầu mua rất hối hận mình đặt mua 2 màu đen xám 2 size nọ 2 size kia mà giao cho mình thành màu xanh đậm mong shop để ý hơn và đóng gói hàng cẩn thận hơn,1,
"shop giao thiếu hàng, đặt 2 quần màu xanh than mà giao có 1 cái. rõ review tốt mà làm ăn chán thật sự",1,
"nhắn giao nhiều màu lại đi giao mỗi 1 màu, shop bị ngu rồi khách mua 4 cái thì giao 4 màu chứ nhắn cho rồi mà",1,
không đúng mẫu,1,
đặt 3 đen lại đi giao 3 màu khác nhau. không biết thì cũng phải gọi điện hỏi câu chứ. chán shop,1,"mong anh thông cảm giúp. từ 3 cái trở lên shop em bán đều màu ạ. vì mỗi đợt quần về không dc nhiều nên phải bán đều màu không là bị lệch cho các khách mua sau. shop có ghi trong chi tiết bài, chắc anh chưa đọc kỹ! shop cảm ơn anh đã luôn ủng hộ!"
gói hàng như cái nùi giẻ shop ạ .,1,
"không hài lòng về sản phẩm, đặt màu đen gửi màu navy",1,
giao hàng lâu mặc dù mình cũng ở hà nội,1,
quần trắng mà dính sình đen thui,1,
"mua size xl mà nhận mặc thử cứ ngỡ quần của trẻ con , nhắn shop đổi size giùm thì rep kiểu ề à .phát chán !",1,"shop rất xin lỗi vì trải nghiệm mua hàng chưa tốt lần này. nếu bạn nhận hàng mặc không vừa hoặc shop giao nhầm size, hãy nhắn tin lại cho shop để shop hướng dẫn bạn trả hàng hoặc hoàn tiền cho bạn nha!"
hàng xấu bị rách. do không để ý khi xem.hàng. lỡ ấn đã nhận hàng nên không trả hàng được. hàng kém chất lượng không đáng tiền,1,"shop rất xin lỗi vì trải nghiệm mua hàng chưa tốt lần này. trường hợp bạn gặp phải, hãy nhắn tin ngay cho shop để shop có phương án xử lý và hỗ trợ trả hàng hoặc hoàn tiền kịp thời cho bạn ạ. shop cam đoan sẽ không bao giờ để khách hàng phải chịu thiệt thòi đâu ạ. - quần lót nam, quần sịp nam, đồ lót nam, quần xì nam, quần sịp nam coton, quần ship nam, quần lót nam boxer, sịp đùi nam, quần lót nữ, quần lót su nữ, quần lót su đúc không đường may, quần áo trẻ em, đồ bộ cho bé, bộ quần áo bé trai"
không đúng size,1,"shop rất xin lỗi vì trải nghiệm mua hàng chưa tốt lần này. nếu bạn nhận hàng mặc không vừa hoặc shop giao nhầm size, hãy nhắn tin lại cho shop để shop hướng dẫn bạn trả hàng hoặc hoàn tiền cho bạn nha!"
size không chuẩn quá tệ size 2xl mà như cho em bé mặc,1,"shop rất xin lỗi vì trải nghiệm mua hàng chưa tốt lần này. nếu bạn nhận hàng mặc không vừa hoặc shop giao nhầm size, hãy nhắn tin lại cho shop để shop hướng dẫn bạn trả hàng hoặc hoàn tiền cho bạn nha!"
quần không co giãn. free size gì 60kg bận cũng không vừa. săn sale rẻ thiệt đó. mà mua về không dùng được cũng bỏ thôi. chán,1,"dạ đâu tiên shop thành thật xin lỗi anh về những trải nhiệm chưa được tốt bên shop em ạ. về trường hơp đơn hàng của mình không biết anh có nhầm lẫn gì không, vì hàng bên em cam kết chất lượng cho mình ạ. bên em có liên hệ để hỗ trợ đơn hàng cho anh nhưng anh vẫn chưa nghe máy ạ. nhận được thông tin này anh vui lòng liên hệ lại với shop để được đổi hàng và hoàn tiền anh nếu anh không hài lòng về sản phẩm anh nha"
"sản phẩm không giống mô tả, chất lượng không tốt. mua cùng loại mà giao 3 cái khác nhau. shop phục vụ kém.",1,"elen store xin cám ơn đánh giá của bạn. shop rất vui vì bạn đã tin tưởng sử dụng sản phẩm của shop. shop luôn hy vọng mang lại sự hài lòng cho quý khách hàng, chúc bạn luôn vui vẻ và mong bạn tiếp tục ủng hộ shop trong lần trải nghiệm mua hàng tiếp theo nhé!"
"dù 1k nhưng sản phẩm không đúng hình chút nào, hàng bình thường thôi chứ không phải cao cấp, lần đầu mua thất vọng",1,"dạ đâu tiên shop thành thật xin lỗi anh về những trải nhiệm chưa được tốt bên shop em ạ. về trường hơp đơn hàng của mình không biết anh có nhầm lẫn gì không, vì hàng bên em cam kết chất lượng cho mình ạ. bên em có liên hệ để hỗ trợ đơn hàng cho anh nhưng anh vẫn chưa nghe máy ạ. nhận được thông tin này anh vui lòng liên hệ lại với shop để được đổi hàng và hoàn tiền anh nếu anh không hài lòng về sản phẩm anh nha"
"không nhận được hàng, nhắn tin với shop vẫn không thấy trả lời, chưa có bất kỳ động thái hỗ trợ khách hàng gì cả shop vui lòng kiểm tra với bên giao hàng, hàng mình đang ở đâu",1,"dạ đâu tiên shop thành thật xin lỗi anh về những trải nhiệm chưa được tốt bên shop em ạ. về trường hơp đơn hàng của mình không biết anh có nhầm lẫn gì không, vì hàng bên em cam kết chất lượng cho mình ạ. bên em có liên hệ để hỗ trợ đơn hàng cho anh nhưng anh vẫn chưa nghe máy ạ. nhận được thông tin này anh vui lòng liên hệ lại với shop để được đổi hàng và hoàn tiền anh nếu anh không hài lòng về sản phẩm anh nha"
quá tệ free size mà rộng như cái giẻ màn vậy mà cũng thấy nhiều người mua phết,1,"dạ đâu tiên shop thành thật xin lỗi anh về những trải nhiệm chưa được tốt bên shop em ạ. về trường hơp đơn hàng của mình không biết anh có nhầm lẫn gì không, vì hàng bên em cam kết chất lượng cho mình ạ. bên em có liên hệ để hỗ trợ đơn hàng cho anh nhưng anh vẫn chưa nghe máy ạ. nhận được thông tin này anh vui lòng liên hệ lại với shop để được đổi hàng và hoàn tiền anh nếu anh không hài lòng về sản phẩm anh nha"
sản phẩm giao không đúng hình không che tên sản phẩm,1,"dạ đâu tiên shop thành thật xin lỗi anh về những trải nhiệm chưa được tốt bên shop em ạ. về trường hơp đơn hàng của mình không biết anh có nhầm lẫn gì không, vì hàng bên em cam kết chất lượng cho mình ạ. bên em có liên hệ để hỗ trợ đơn hàng cho anh nhưng anh vẫn chưa nghe máy ạ. nhận được thông tin này anh vui lòng liên hệ lại với shop để được đổi hàng và hoàn tiền anh nếu anh không hài lòng về sản phẩm anh nha"
"vãi kém chất lượng, mặc không thoải mái, size không chuẩn",1,"dạ đâu tiên shop thành thật xin lỗi anh về những trải nhiệm chưa được tốt bên shop em ạ. về trường hơp đơn hàng của mình không biết anh có nhầm lẫn gì không, vì hàng bên em cam kết chất lượng cho mình ạ. bên em có liên hệ để hỗ trợ đơn hàng cho anh nhưng anh vẫn chưa nghe máy ạ. nhận được thông tin này anh vui lòng liên hệ lại với shop để được đổi hàng và hoàn tiền anh nếu anh không hài lòng về sản phẩm anh nha"
sản phẩm kém,1,
giao hàng chậm,1,shop cảm ơn bạn đã lựa chọn sản phẩm bên shop nhé! shop sẽ cố gắng giục bên vận chuyển để cải thiện việc giao hàng ạ!
shop đóng chùng hàng chùng màu quá tồi ,1,
quá mỏng ,1,
shop vớ vẩn gửi thiếu hàng.thu tiền như hoá đơn khi khiếu lại thì từ chối lằng nhằng mấy ngày mới chấp nhận.,1,
mặc không được,1,
"đồ lốt quá mỏng, yếu và không có tác dụng bảo vệ cậu ấm chút nào.",1,
"shop giao hàng không đúng, đặt mẫu này giao loại khác ",1,
đơn hàng hỏa tốc nhắn tin thì không rep gọi điện thì thái độ cúp máy ngang còn không chịu giao. tuyển như vậy chợ búa giao lưu với khách hàng à.,1,"dạ, cảm ơn anh/chị đã ủng hộ sản phẩm và viết đánh giá cho shop lados ^ những đánh giá này là 1 món quà khích lệ rất lớn cho shop lados, để lados ngày 1 hoàn thiện, đưa đến cho quí khách hàng những sản phẩm tốt hơn, đẹp hơn, giá rẻ hơn. nếu anh/chị cần tư vấn hay hỗ trợ gì thêm cứ nhắn tin với lados. rất mong nhận được sự ủng hộ lâu dài của anh/chị lados xin chân thành cảm ơn ạ!"
"đã phân size cho khách chọn thì giao cho đúng. làm ăn bát nháo quá. vậy thì tắt tính năng chọn size đi. còn cố tình không rep tin nhắn để quá 3 ngày cho khách không đổi trả được hàng. mình thích phốt hơn. shop chỉ có 1 size cho người lớn, không có size cho người nhỏ con nên ai nhỏ con đừng chọn shop này. chọn shop khác mà mua",1,"dạ thực sự shop rất rất xin lỗi vì shop giao nhầm size cho a. thực sự shop không hề mong muốn. mong a thông cảm còn a có phản hồi bên e chát a luôn nhưng anh không chát lại nên mới quá 3 ngày thôi. còn việc quá 3 ngày bên e vẫn chát thiện chí đổi lại hàng bên e chịu phí 2 chiều mà. cảm ơn a nhiều lắm ạ chúc a nhiều sức khỏe, niềm vui nha a "
nói là chất liệu thun lạnh nhưng chỉ là vải thun mỏng loại rẻ tiền! đường may rất thô sơ. không giống với video mô tả. nói chung là hơi tiếc khi mua hàng!,1,"thực sự shop rất rất xin lỗi vì shop giao nhầm mã chất thun lạnh thành coton nên a chưa hài lòng thực sự shop không hề mong muốn. mong a thông cảm e với ạ bên e đã gọi điện liên hệ đổi lại, nhưng a báo chờ lấy điện thoại sửa đánh giá lại. mong a sửa lại giúp shop nhé cảm ơn a nhiều lắm ạ chúc a nhiều sức khỏe, niềm vui nha a "
size khác so với lần 1 mua. chọn cùng size mà lần này quá chật không thể mặc được. chán,1,"""dạ vâng shop chào a thắng ạ rất xin lỗi vì a mặc chưa vừa. t a inbox shop hướng dẫn đổi cho a size to hơn nha a. cảm ơn a nhiều lắm ạ chúc a nhiều sức khỏe, niềm vui nha a  """
chất lượng quá là kém. không đáng tiền. size quần không chuẩn. đặt size xl mà mặc vào cứ như size s.,1,cảm ơn bạn nhiều nhé. mong bạn dương chí khánh lại ủng hộ shop tiếp nha. shop tặng bạn mã giảm giá 15% cho đơn hàng tiếp theo hoặc tặng bạn bè. nhớ quay lại ủng hộ shop tiếp nha 
thời gian giao hàng và bên giao hàng quá chậm phải gọi nhiều lần mới ship đến khi lỡ hẹn,1,"dạ vâng cảm ơn a đã góp ý ạ. thực sự đợt dịch giãn cách nên các bên giao hơi chậm, shop rất hiểu điều này nên có đơn shop đóng và gửi ngay trong ngày. còn phụ thuộc bên vận chuyển nữa ạ cũng mong a thông cảm và lượng thứ cho shop và shope ạ mong a sẽ ủng hộ shop tiếp tục ạ"
"mặc được vài bữa bung hết, rách toang, cẩn thận lừa đảo",1,"rất xin lỗi bạn về sự bất tiện này, bạn chú ý nghe máy nha, nhân viên bên shop sẽ hỗ trợ đổi lại hàng mới cho quý khách nha"
quá tệ hại đặt mẫu này thì đi gửi mẫu khác,1,"rất xin lỗi quý khách về sự bất tiện mà quý khách đang gặp phải ạ, mẫu này là do nhà máy họ may sai mà nhân viên kho bên shop lại không chú ý nên mới lấy nhầm mẫu giao cho quý khách đó ạ. quý khách chú ý nghe máy nha. nhân viên shop sẽ chủ động gọi điện hỗ trợ đổi hàng hoặc hoàn lại tiền cho quý khách miễn phí ạ."
mua quần shop bán không đúng mẫu. nhắn tin cho shop không thấy trả lời. 2 cái quần không đắt nhưng shop vui lòng đưa hình ảnh và mẫu quần thật lên. chứ không phải treo đầu dê bán thịt chó như thế.,1," rất xin lỗi bạn về trải nghiệm mua hàng chưa tốt, shop luôn hỗ trợ đổi/hoàn với tất cả sản phẩm lỗi ạ, shop đã nhắn tin bạn để hỗ trợ. hy vọng lần sau được phục vụ bạn chu đáo hơn ạ !"
"mua quần shop bán không đúng mẫu. nhắn tin cho shop không thấy trả lời. 2 cái quần không đắt nhưng shop vui lòng đưa hình ảnh và mẫu quần thật lên. chứ không phải treo đầu dê bán thịt chó như thế.,",1," rất xin lỗi bạn về trải nghiệm mua hàng chưa tốt, shop luôn hỗ trợ đổi/hoàn với tất cả sản phẩm lỗi ạ, shop đã nhắn tin bạn để hỗ trợ. hy vọng lần sau được phục vụ bạn chu đáo hơn ạ !"
sản phẩm chất lượng rất kém. đa phần sản phẩm không giống như trên quảng cáo,1," rất xin lỗi bạn về trải nghiệm mua hàng chưa tốt, shop luôn hỗ trợ đổi/hoàn với tất cả sản phẩm lỗi ạ, shop đã nhắn tin bạn để hỗ trợ. hy vọng lần sau được phục vụ bạn chu đáo hơn ạ !"
quần không giống như hình,1,"trước hết shop xin cảm ơn những đánh giá quý báu này của quý khách ạ. shop hiểu quý khách chưa hài lòng nhiều lắm về sản phẩm này do lỗi vải hay mỏng quá hay thái độ phục vụ của nhân viên shop chưa được tốt,…quý khách yên tâm, ngay sau đánh giá này shop sẽ cho nhân viên của shop chủ động gọi lại để hỗ trợ đổi lại sản phẩm mới cho quý khách luôn ạ.ngoài ra shop sẽ may và cải tiến lại toàn bộ sản phẩm để đưa ra thị trường sản phẩm tốt nhất ạ."
như đầu buồi,1,"rất xin lỗi quý khách về sự bất tiện mà quý khách đang gặp phải ạ, mẫu này là do nhà máy họ may sai mà nhân viên kho bên shop lại không chú ý nên mới lấy nhầm mẫu giao cho quý khách đó ạ. quý khách chú ý nghe máy nha. nhân viên shop sẽ chủ động gọi điện hỗ trợ đổi hàng hoặc hoàn lại tiền cho quý khách miễn phí ạ."
không đúng sản phẩm,1,"shop rất xin lỗi bạn về sự bất tiện mà bạn đang gặp phải ạ, bạn chú ý nghe máy giúp shop với nha. nhân viên bên shop sẽ chủ động gọi điện để đổi lại hàng mới cho bạn nha"
"quần có nhiều chỉ thừa túi bên trong thì bị bẩn nhìn quá ghê giặt ra thì bị nguyên 1 cái chậu đen mặc rất nóng , vải rất ngứa và thô bên vận chuyển giao hàng rất chậm - sẽ không quay lại ủng hộ shop , làm ăn quá mất uy tín",1,xin lỗi bạn về việc túi quần do bên xưởng tự ý may nên mới có túi như vậy còn việc quần giặt ra màu thì shop đảm bảo 100% quần của shop không ra màu bạn nha
"chất vải xấu, cùng với số tiền đó mình có thể mua 1 chiếc quần với chất lượng tốt hơn như thế này",1,
đặt 2 quần 1 áo giao 2 quần thiếu 1 áo. shop làm ăn kiểu gì vây?,1,
đặt 2 sọc mà gửi về 3 sọc đm shop,1,
tôi định sẽ đánh giá 5 sao mặc dù giao hàng chậm nửa tháng. nhưng tôi đã dặn đi dặn lại là tôi lấy 1 quần một sọc và 2 quần ba sọc nhưng shop vẫn giao 3 cái giống nhau. tôi còn ghi chú thích vào đơn hàng cụ thể rồi shop báo ok rồi nhưng lại không làm theo.,1,
đặt 1 sọc size m giao 3 sọc size xl làm ăn gì kì vậy,1,
"đặt xl mà giao xl chán thật sự,giao hàng thì lâu.",1,shop 199's xin chào bạn ! shop đã nhận được phản hồi của bạn! cảm ơn bạn đã gửi phản hồi sản phẩm về cho shop! shop luôn mong được đồng hành cùng bạn trong những lần mua sắm tiếp theo
không đúng size,1,
shiper như quần,1,
hàng không được tốt tí nào,1,
đặt 2 giao 1 sản phẩm,1,
không thể chấp nhận được,1,
quần mỏng đường sọc lệch xấu không nên mua,1,
áo mỏng,1,
buồn,1,shop cảm ơn bạn đã ủng hộ sản phẩm không biết mình buồn chuyện gì vậy ạ !
"tôi đặt 3 quần: đen,xanh đậm,xám ghi. 2 quần đen, xanh gửi đúng màu, hơi ngắn. quần màu xám ghi thì gửi thành màu xanh vằn vện như hình,màu tôi ghét nhất. nếu màu xám hết thì shop phải báo lại để tôi chọn màu khác hoặc huỷ chứ, sao lại tự ý như vậy. không thành thật trong buôn bán",1,
"không nên mua ạ, shop giao hàng không đúng, trả lại cũng phiền , phải ra bưu cục gửi trả, chịu cước phí nữa. nên thôi coi như bỏ đi ạ",1,
để deal quần 50k giảm còn 35k mà tới khi giao lại giao loại 100k/3c. nhắn tin hỏi thì shop không trả lời. bó tay,1,
"shop giao sai quần,rõ đặt màu đỏ đô lại giao xanh đen, xong chất vải còn khác, size lại to hơn, thiếu hàng mà không thấy liên hệ gì cho mình, mình nhắn tin hỏi lại không trả lời, tính trả hàng mà quy trình lằng nhằng quá lại thôi, nói chung chán",1,
quá thất vọng về sản phẩm đặt 1 kiểu giao một kiểu nhắn tin thì không phản hồi đúng kiểu treo đầu dê bán thịt chó,1,
giao đặt màu xanh đen mà giao màu này . chat mong shop không uy tín,1,
"lần đầu tiên mình trải nghiệm mua hàng tệ đến như vậy. đặt màu đỏ, giao màu đen ? nhắn thì shop bảo tết các kiểu rồi bên em hết màu nên đổi sang màu xám ?… ok muốn đổi màu không sao hết, nhắn em được mà ? chị không thích cứ đổi hàng - hoàn tiền ? ủa ? shop sai còn nói chuyện ngang với khách ?",1,
chưa bao giờ mua hàng lại thất vọng vậy size thì không đúng với cân nặng quần thì mỗi màu 1 loại vải,1,
shop giao sai màu.,1,
lần đầu tiên mình đánh giá 1 sao trên shopee. shop nên kiểm tra hàng trước khi ship.không nhiều tiền nhưng mua về không dùng được thấy khó chịu,1,"tulalove xin nhận thiếu sót và xin lỗi vì vấn đề mà ba/mẹ gặp phải, xin vui lòng nhắn tin cho tulalove để tula có thể điều chỉnh và phục vụ ba/mẹ tốt hơn ạ. trân trọng cảm ơn ba/mẹ"
"mình đặt nhưng rộng quá, nhắn tin shop hỗ trợ đổi hàng nói kiểu khó khăn quá. cũng hi hữu khách mới đổi chứ không ai muốn mua hàng về để đổi đi đổi lại mất công",1,"chào b, bên mình xin góp ý 1 chút: 1. bạn mới nhận được hàng, chưa thử cho bé mà đã vội vàng nhắn tin xin đổi. 2. khi shop hỏi chiều cao và cân nặng của bé thì b bảo b chưa đo nên không biết. vậy b lấy cơ sở gì để chọn size cho bé? 3. bên mình đã báo nhiều lần là b nên thử cho bé, nếu cần thì liên hệ để bên mình đổi. 4. bên mình thực sự rất ngại phục vụ khách như b. đặt size thì vu vơ, vừa nhận hàng theo cảm nhận không vừa thì xin đổi, nếu shop không cho đổi thì yêu cầu hoàn hàng trả tiền, nếu khiếu nại bị xử thua thì đánh giá shop 1* 5. bên mình không khó khăn gì việc b đổi hàng nhưng b phải có trách nhiệm trong vc chọn size khi đặt hàng. 6. b cũng là ng bán hàng, mình tặng b 1 câu: muốn bán hàng tốt trước tiên hãy là 1 người mua hàng văn minh. trân trọng"
"bán hàng giao thiếu, nói mình trả tiền rồi bấm vào hoàn xu. làm không được nhắn cho shop, shop onl mà không trả lời. bán mà gian dối người mua là thất đức lắm nha. dịch ai cũng khổ",1,tula xin chân thành cảm ơn sự ủng hộ của ba mẹ. hi vọng sẽ tiếp tục nhận được sự ủng hộ của ba mẹ. trân trọng!
so với giá tiền và sản phẩm nhận được không đáng chút nào. ,1,
giao thiếu 1 cái quần đen,1,"chào b, shop xin lỗi vì đã đóng thiếu hàng cho b. b vui lòng liên hệ để shop gửi bù hàng hoặc hoàn tiền cho b nhé"
"đường may xấu, không may mép, vải xấu khác so với sản phẩm đã mua bên shop khác chất lượng kém",1,
"đặt size 3 mà shop lấy 1 cái size 2 chật không mặc được, miếng dán chưa xài đã rớt, nhắn tin không trả lời, vải không co giãn, đường chỉ dư nhiều đáng lí trả hàg mà mùa dịch không đi được, làm ăn không có uy tín",1,
"bình sữa thì nhìn rất cũ, có vết trầy nhiều. có vết cạo dán mác. khăn thì mình đặt 2 loại như nhau bằng giá tiền nhau. mà giao thì cái to cái nhỏ khác kích cỡ. nhắn tin thì shop không phản hồi. mặc dù mình nhắn tin hỏi nhiều lần. thái độ cực kì coi thường khách hàng.",1,
shop gửi thiếu hàng. nhắn tin không thèm trả lời. thái độ coi thường người khác. dù là khách quen nhưng cũng sẽ không bao giờ quay lại mua hàng lần nữa. chất vải cũng chỉ hàng chợ chứ không được đẹp,1,
mình đặt size 3. shop gửi size 1 quá nhỏ. chắc tại mình có hàng nhờ đổi trả nên shop gửi vậy ,1,
"shop không trả lời tin nhắn khách hàng hỏi, phải đợi khách hành phản ánh với tổng đài mới trả lời, giao hàng chậm",1,
không hiểu quần lỗi như này shop cũng đóng gói cho khách được. không đáng bao nhiêu nhưng rất bực,1,
"shop giao đúng size đúng màu nhưng sản phẩm bị rách như hình, chất lượng kém",1,
"con mình 5kg tính mua quần đóng bỉm size 3 mặc trừ hao mà nó còn nhỏ hơn size 1 con mình đang mặc nữa! shop ghi size 3 cho bé từ 6,5-8kg mà bán vậy không biết bé nào mặc vừa! ",1,
"sản phẩm thì tốt thôi, nhưng thái độ của shop thì không hề tốt.",1,
"đồ như đã dùng rồi, bẩn kinh khủng",1,
shop giao quần bẩn. lúc nhận hàng mình thấy bị 1 cái mặt trước nên châm trước đánh 5 sao. hôm trước bỏ ra giặt thì thấy bị 2 cái mặt sau. nhìn như dùng rồi nhắn tin cho shop để hỗ trợ thì shop không phản hồi theo hướng tích cực. cho 1 sao,1,
giao thiếu hàng và chờ 2 ngày vẫn không giải quyết. chấp nhận 1* hết nhé shop,1,
"shop làm ăn vớ vẩn lắm, miếng lót phân su là hàng nhái chất lượng kém miếng nào cũng bung viền ra, giá rẻ hơn tý nhưng không đáng đồng tiền. còn tã vải dán thì mỏng tiền nào của đấy nhưng không bằng hàng rẻ tiền hơn ngoài chợ. ",1,
"giao nhầm cho khách 1 sản phẩm, hứa gửi card điện thoại bù phần chênh lệch rồi im re. có 20k mà đánh giá được nhân cách đạo đức kinh doanh. tôi mua được đơn hàng 1 triệu thì không tiếc 20k đâu nhé shop. kinh doanh mà không có uy tín thì không bền đâu",1,
"chat với shop mua 10 bộ màu hồng, shop kêu không đủ, mình ok lấy thêm màu xanh da trời cho đủ 10 bộ. nhận được hàng thì 10 bộ có tới 7 màu. tả phế lù thập cẩm. nhắn tin cho shop từ trưa, shop onl mà không hề đả động trả lời. cách xử lý khiếu nại quá kém. chỉ bán được hàng xong rồi thôi.",1,
"giao thiếu hàng ,nhắn tin phản hồi không thèm trả lời khách",1,
quần đóng bỉm sơ sinh vải xấu không co giãn đặt size số 1 và số 2 mà size áo 2 còn nhỏ hơn cả size số 1 nữa ,1,
chất lượng quá tệ. không dám dùng cho em bé!,1,
" chất lượng sản phẩm rất kém, mỏng, không tốt bằng hàng mua ở cửa hàng với giá tương tự",1,
"giao sai sản phẩm , nhắn tin không thèm trả lời, tệ quá, cạch mặt",1,
giao hàng thiếu nhắn tin gọi điện không thèm trả lời. chất vải xấu như rẻ rách . khuyên mọi người không nên mua,1,
"shop giao hàng bị thiếu mất 10 quần đóng bỉm leo, nhắn tin shop không phản hồi",1,
"giao hàng chậm, quần đóng bỉm thì không như hình, chất lương kém, như hàng nhái, khác xa với chất lượng quần bỉm thái hà thịnh thật. ",1,
size 3 mà bé như size 1 vậy shop,1,
qua xấu,1,
quần tơi tả. sơ sài. không đáng tiền,1,
"hàng của shop rất rởm, không đáng tiền, đặt quần thì loại bông đểu, xong đặt đỏ gạch cho con trai thì lại giao màu hồng, áo phao mặt trước mỏng dính không có tí bông nào bên trong. tệ. thái độ shop cũng tệ nốt. cả cái quần jean lót lông cũng hàng đểu, không đáng tiền, thà mua shop khác.",1,
"thấy mọi ngườig review khen mà mình mua về nhận hàng bóc ra không biết nhận cái gì, áo cứng như giấy giáp đánh gỗ, quần thì dưới 1 màu cạp 1 màu chắp vá. khác hoàn toàn video quay cận chất và ảnh mẫu",1,
"đặt quần size 16-18kg mà 15kg không mặc được. cho bé 11kg mặc vừa. quá thất vọng, chất liệu ổn so với giá. bé nhà mình mới 4 tuổi bạn ơi, chứ học lớp 1 thì mình đặt mua size này làm gì",1,hàng có size kèm cân nặng chiều dài quần b ạ. chứ bé nhà bạn học lớp 1 thì mặc vừa làm sao được. b nên ib hỏi trước chứ. size chỉ cho bé dưới 5 tuổi thôi
"quần bé tý, như lừa đảo, size cho bé 16-18kg mà đứa 2t mặc vừa, bực mình không thể tả được",1,
khách mua có 1 cái quần mà không kiểm tra hàng hẳn hỏi . bán quần thì rách hết cả đũng . hàng thì xấu . bán hàng không có tâm,1,
"đặt 3 cái size 5 mà 2 cái ngắn bằng size 3. thật mất uy tín. 35k 1 cái quần không phải rẻ nữa mà mua về không mặc được, trong khi mình mua 4 cái liền",1,
2 cái thì 2 size khác nhau nhưng đều ngắn. ghi 49cm mà chỉ được 41cm. không mặc được phải bỏ. mong shop ghi size cho đúng nhé,1,
"đặt size 2 cái size 3 , mà 1 cái đúng size, 1 cái màu đen dùng mặc size 3 gắn lên cái quần size 4. nếu hết hàng shop có thể phản hồi. không nên làm như vậy. ",1,
mua hàng nhiều đây là lần đầu tiên đánh giá một sao shop giao quần rách cho khách rách to như tổ bố vậy,1,
"giao hàng nhanh.hàng nhận bị sổ chỉ,đánh giá 1 sao để shop cải thiện chất lượng ",1,
"hàng không đúng như mô tả , up ảnh 1 kiểu giao hàng 1 kiểu . chưa bàn đến chất lượng mà quần giao không giống mẫu , quá thất vọng mặc dù trước khi mua đã ib với shop  rồi , shop khẳng định là ảnh thật . không cả xứng đáng 1 sao ",1,
xấu. bẩn. lỗi. màu trắng thì thành màu kem. thất vọng. được cái giáo hàg nhanh,1,sản phẩm bạn chọn mình có ghi chú bên dưới là màu trắng kem mà. còn kèm cả ảnh tự chụp nữa
"shop note size không đúng. đặt quần sz 16/18kg, mà bé như size 2",1,
mua 4 cái nhắn cho shop giao 4 mầu shop giao có 1 mầu quần sai 16 cân thì 13 cân mặc vừa nói chung lần sau không mua của shop nữa,1,may quá. cảm ơn khi bạn không mua hàng của shop nữa
sản phẩm quá xấu so với hình ảnh.size quá lệch.con mình 15kg m đặt size 16-18kg mà mặc chỉ bằng đứa 12kg thôi.,1,
hàng không giống mô tả. gửi chú ý màu rồi lại gửi hàng 1 màu. cùng size mà 2 quần 1 dài 1 ngắn,1,
shop bán hàng không có tâm. mua size 5 16-18kg vậy mà thằng cháu tôi 3 tuổi  mặc còn bé quá. mua 1 màu đỏ 1 màu đen vậy mà giao 2 cái đen. cái to cái nhỏ. shop nên đóng cửa hàng trên này đi chứ đừng đi lừa ng ta nữa.,1,đơn này mình đã gửi video gói hàng có kèm mã vận đơn lên shope. b sẽ nhận được cuộc gọi bên shope sớm thôi. shop đóng đơn chuẩn size và màu bạn đặt. hiện bên mình đã check địa chỉ và sđt thấy b không những đặt 1 đơn này mà còn đặt rất nhiều đơn ở các nick khác. sau đó đánh giá 1 sao dìm shop. 
tư vấn size không chuẩn. phí tiền,1,
"hàng giống như trong hình ,nhưng đường may không đẹp, bị bục đường may, đường may vênh vẹo, tuột chỉ đường may mình phải mang may lại toàn bộ, chất lượng so với giá cả thì là không rẻ. mình không hài lòng về sản phẩm. ",1,"sản phẩm bị tụt chỉ b nên ib lại cho shop biết để đổi hàng chứ. hàng lỗi, hỏng lúc nào mình cũng bảo khách hoàn lại hàng mà"
"quần ngắn cũn, chỉ bé 12 kg mặc vừa",1,"chưa bao giờ mình gặp khách là đàn ông mà giống khách này luôn. vì 1 cái áo không mặc vừa mà bạn này inbox cho shop các kiểu đọc nửa hàng chưa hết. trong khi bạn chọn size không phù hợp với dang người. mình đã hướng dẫn không vừa có thể đổi lên size to, nhưng bảo áo có mấy đồng không đáng mất thời gian. rồi khoe thành tích bom hàng mấy ngày vừa qua. kèm theo chửi shop không ngẩng mặt lên được. hỏi 100 lần mua được 1 lần. tiện đây mình cũng chia buồn với các shop có lỡ bán hàng cho bạn này"
giao nhầm size cho mình,1,
shop gửi không đúng mẫu.,1,
chất lượng đường may và vải xấu kinh khủng,1,
sản phẩm kém,1,
"đặt size cho bé 12-14ký mà bé 10ký mặc vừa, giao lộn size mà 2 size đều bằng nhau. gặp anh giao hàng hắc ám lần nào giao khu mình nói chuyện khó nghe",1,"chào bạn! đầu tiên là bạn ship có thái độ không tốt thì không có liên quan với shop mà bạn nên phản hồi với bên vận chuyển ! thứ 2 : bên m có inbox b để hỏi xem bé mặc vừa không ? bạn có quyền trả hàng hoặc đổi size nếu như bạn không hài lòng về sản phẩm nhưng bạn không trả lời ! sản phẩm bên shop được khách hàng đón nhận và đánh giá rất tốt , nên mong bạn hãy đánh giá đúng về sản phẩm bên mình ! hãy là ng mua hàng văn minh bạn nha , cám ơn b !"
giao thiếu hàng,1,
"em bị giao thiếu quần này đó ạ. được cái shop phục vụ quá tệ, nhắn tin toàn tin nhắn tự động, không có 1 lời gọi là hỗ trợ để giải quyết. nhắn trên zalo thì đùn đẩy nhau ạ. quần chẳng đáng là bao nhưng shop làm việc vậy thì chán quá shop ạ. ",1,
"sản phẩm không giống màu,chất lượng thì mình không đánh giá vì nó rẻ nên không thể chê là chất xấu ,thái độ bán hàng khi cmt thì không trả lời toàn để chế độ rep tự động,nói chung là rất không hài lòng",1,
"quần chất không đẹp., giao hàng nhanb. ",1,
"hàng rẻ, nhưng mầu không giống với hình ảnh .",1,
mình mua set bộ hoạt hình mà lại giao động vật khó chịu là vì mình có bộ con vịt rồi giờ lại giao thêm cái y chang nhận được hàng mà muốn mau mau đánh giá 1 sao cho shop,1,
"mua quần đùi xấu. chất xấu kinh khủng , shop lựa màu cho bé gái xấu , lại còn mất 1,2 cái bị mực ố hết không thể mặc được . lần này không hài lòng với đồ shop giao tí nào",1,
"áo thun bé trai quá tệ , thô , cứng. quần đùi cũng vậy . gửi 7 cái quần mà chỉ có 2 màu, không đáng tiền xíu nào cả",1,
"rất xấu chắc do giá rẻ. màu sắc chất liệu không giống trên clip. áo với quần đùi với quần thun quần dài màu xanh có bé gấu thì đẹp, màu sắc đep và chất len tăm cũng mền mại giao hàng siêu lâu, nhận cuối cùng trong 5 đơn đặt cùng ngày nói chung là không có hài lòng. mong shop cải thiện chất vải.",1,
mình mua loại >8kg mà giao toàn size 2 size 2 thì dưới 8 kg thôi.nhắn tin shop mà shop nhắn tin nhắn đấy,1,
tự ý giao sai màu không nhắn tin,1,
không hài lòng,1,
"chất nóng , không thể mặc. phí tiền",1,
 shop phục vụ rất kém đặt 10 quần thì giao 1 . phản hồi thì nói cho stk để trả lại tiền rồi không thấy gì . chưa bao giờ mua hàng trên shopee mà gặp nhắn tin nhắn . thôi coi như bố thí vậy ,1,
đổi hàng mà gọi 2 ngày mấy chục cuộc và tin nhắn không thèm giải quyết cứ ậm ờ cho xong chuyện. làm ăn có tâm tí đi. đổi hàng chứ không phải đi van xin cho không. không bao giờ mua lần 2. các khách nên tránh. ,1,
gửi thiếu hàng nhưng nhắn tin để shop xem lại đơn hàng khó quá sẽ không mua lại lần sau,1,
"quần quá tệ! vải xấu, quần xấu!",1,
sản phẩm đúng với giá tiền,1,
"chưa bao giờ phải sửa đơn nhưng cách làm việc vô trách nhiệm của shop nên mình không chịu được, đơn trước mình đặt size 130 thì giao 1 cái 110, 1 cái 120 rồi lấy bút bi sửa thành 130, đơn sau đặt từ 8/8 đến hôm nay 22/ 8 không biết delay lấy hàng bao nhiêu lần, nhắn tin hỏi thì bảo đặt đơn khác rồi không trả lời lại luôn.",1,"hihi, 4lova cảm ơn bạn đã yêu thích, tin tưởng và lựa chọn 4lova nha. sự hài lòng của bạn là niềm vui của 4lova nè <3 4lova luôn mong muốn bạn có trải nghiệm mua sắm vui vẻ và thoải mái trên shope. cảm ơn bạn nhiều nhiều"
shop lừa đảo gửi sai hàng bắt ra đổi trả rồi không gửi lại cho khách. ,1,"4lova chào chị. 4lova xin lỗi về sự trải nghiệm chưa tốt đối với sản phẩm 4lova của chị. shop đã khắc phục sai sót đổi sản phẩm cho bé. trong quá trình sản phẩm vận chuyển đổi cho bé, chị đã gửi đánh giá chưa hài lòng với shop. tuy nhiên trên thực tế shop đã rất thành tâm sửa lỗi. shop đã nhờ chị đổi đánh giá nhưng không nhận được sự phản hồi từ chị, vì thật sự shop làm việc trách nhiệm, sai thì sửa chứ không lừa đảo như chị phản ánh. hơn ai hết chị biết rõ điều này. một lần nữa, 4lova cảm ơn và xin lỗi chị!"
"quần form nhỏ, chất vải thì nóng, mở hàng ra mốc meo như này chỉ muốn vứt bỏ đi, chăm sóc khách hàng tệ, nhắn tin không trả lời",1,"4lova chào chị, 4lova đã liên hệ với chị để tiếp nhận và xử lý thoả đáng sự cố ngoài mong muốn này vì đôi khi sản phẩm có xác suất lỗi trong quá trình cắt và may công nghiệp. chị đã lựa chọn phương án không đổi. vậy nếu có bất kì nhu cầu nào khác về sản phẩm, chị vui lòng liên hệ lại giúp để 4lova giải quyết thoả đáng cho chị ạ."
"đặt mua 4 quần, 2 quần 90 và 2 quần 130 thì ship 2 quần 90 và 2 quần 110. may nhà có bé nhỏ nên còn để đứa sau mặc được chứ không thì bỏ phí rồi. shop bán cho trẻ con mà không xem kỹ! bán kiểu khui hàng ra không biết nên giữ hay nên trả!",1,
"vải mỏng, không tương xứng với giá tiền, ship nhầm 2 quần -1 áo thành 2 áo -1 quần. buồn luôn",1,
"chất lượng sản phẩm tốt, quần áo đẹp. tuy nhiên cskh không đến nơi đến chốn. mình mua theo bảng size mà con mặc bị bé. muốn đổi lại size to hơn. mà cskh câu được câu chăng. có vẻ không muốn đổi hàng cho khách. ai mua hàng thì nhớ lấy size tăng lên không đến lúc lại không được đổi như mình ",1,
"sản phẩm quần đùi chất lượng rất kém, 3 chiếc cùng lọai nhưng mỗi chiếc 1 chất 1 kiểu, bán hàng vậy lần sau không quay lại.",1,
"vải đẹp, mẫu mã ok, chỉ tội là khoét gối xong còn khoét cả mông thủng 1 lỗ to bằng đầu ngón tay người lớn, thôi tự vá lại cho mặc tạm chứ trả phiền phức quá",1,
"shop cố tình giao áo lỗi cho khách . áo màu đen mà giao thân áo màu đen tay màu xanh, áo trắng cũng bị hai màu, áo có 10k mà trả hàng thì mất công quá. sẽ không mua lần 2 nữa.",1,
"chưa bóc hàng ra xem, nhưng thái độ phục vụ của ship rất gắt. mình có hẹn hôm sau lấy hàng, hôm sau mình sạc điện thoại không để ý. 8p sau mình gọi lại bảo mình là ""lần sau như này ra bưu điện mà lấy"". đánh giá 1 sao",1,"dạ e rất xin lỗi về sự bất tiện chị gặp phải ạ, đây là lỗi do shiper chứ không phải do shop e ạ, bên e đã gửi khiếu nại yêu cầu bên vận chuyển xử lý rồi ạ, rất mong chị thông cảm"
"quần rách gối leging nhưng shop lại gửi cái quần gì không biết, khác hoàn toàn so với hình.",1,
quần thun ôm cho bé chất dễ đổ lông shop giao hàng nhanh hài lòng,1,
quần quá mỏng mỏng,1,
"quần trông rất đểu, như kiểu 1 quần thun rồi cắt rách đi, không nên mua.",1,
"lần đầu mua quá thất vọng về sản phẩm, chất liệu quá tệ, mua 1 mẫu 2 bộ giống nhau thì giao 1 trắng, 1 kem và cả 2 chất liệu khác nhau, 2 leging thì thôi luôn",1,
chất liệu dõm không giống với hình ! vải vô cùng mỏng ! kiểu dáng không đẹp ,1,
"size 18 cân mà bé như size 6 tháng - 1 tuổi mặc, cần xem xét lại size ạ ",1,
quần bé nhà m có 15 kg mà không mặc vừa . thấy ghi 16-18 kg,1,
"đây là cái quần chun, chất mỏng dính mà toàn nilon shop ạ!",1,
chẳng biết giao hàng kiểu gì luôn. hàng chưa nhận được mà đã có thông báo đã nhận được hàng. lần thứ hai rồi. ,1,
"quần hụt hẩng là đây , lần đâu mua mọi thứ ok , lần thứ 2 như nhầm shop , giao vải mỏng te không ngâm nước lạnh ra màu",1,
nghỉ sao cái quần mặc trước không cắt đi cắt mặc sao.vậy rồi làm sao mặc được,1,
"chất lượng quá tồi,",1,
quần như dẻ lau,1,
toàn treo đầu dê bán thịt chó,1,
chưa nhận được hàng,1,
"chất lượng kém, sai cân nặng",1,
1k quần có khác như hàng giấy ,1,
chán ,1,
quá tệ,1,
"sản phẩm tệ , vải cũ kĩ ",1,
"shop làm ăn kiểu gì vậy,hàng nhạy cảm mà không che tên sản phẩm,trong khi mình đã nhờ shop che tên sản phẩm rồi.giống như không tôn trọng người mua vậy đó.",1,
mình quá thất vọng về shopee. mình có đặt quần short bên shop nhưng shop lại giao thêm 1 cái quần lót. rất tệ,1,
bán đồ nhạy cảm mà không che tên sản phẩm cho khách hàng. không chuyên nghiệp,1,
quần thì xinh nhưng chắc shop bán hàng đắt quá rồi không có tâm gì cả. mình mới mua lần đầu nên không chắc size nào mặc vừa nên đã lựa vừa m vừa l trong phần lựa chọn size mà rốt cục giao hết size m cho mình làm không mặc vừa cái nào hết. nhưng có mấy chục ngàn mình cũng lười đổi nên thôi kệ để luôn. ,1,
túi trắng mỏng và bé nhiều lắm không giống hình,1,
kêu shop che tên đơn hàng mà cũng không che thề bực bội cực quại thật sự ,1,
quần khá ổn. phải dùng 1 thời gian mới biết được. nhưng mình rất không vừa lòng với nhân viên. khi mình nhờ bạn xoá hộ cái tên hàng thì shop lý do này lý do nọ và tỏ ra khó chịu,1,
"mình đặt mua sz l shop giao nhầm toàn m chật không mặc nổi, shop không có trách nhiệm gì cả, giờ mua về bỏ đi phí tiền quá, nhắn tin không thấy trả lời",1,
"đặt 20 chiếc quần size m mà giao chỉ có 11 chiếc lại còn nhầm sang size l chứ , không hiểu shop làm ăn kiều gì luôn , nhắn tin thì shop không trả lời , còn đòi quay video khui hàng nữa , người ta mua hàng về dùng chứ không phải mua về xong lại bỏ xó ",1,"chào chị, xin lỗi chị về sơ xuất trên của bên em. ban đầu chị nhắn tin báo bên e giao thiếu nên bên e mới yêu cầu chị gửi video khui hàng, sau đó chị lại báo gửi nhầm size, nếu nhầm size bên e sẽ đổi lại cho chị chị yên tâm nhé. cảm ơn chị đã tin tưởng và ủng hộ shop"
"dù trước đó mình có đọc đánh giá mọi người review là shop không che tên nên khi đặt hàng mình đã ghi chú rõ ràng, thậm chí là in hoa là che tên sản phẩm . thế mà nhận hàng vẫn thấy tên sản phẩm in rõ ràng từng dòng nên ngượng vô cùng . 1 sao vì shop không quan tâm phản hồi của khách và cũng không thèm đọc ghi chú",1,
set quần không có màu đỏ mà giáo màu đỏ. rất nhiều quần bị lem màu bán hàng nhớ nói với khách là hàng lem màu để khách biết giặt riêng. không thôi mua xong rồi bỏ y như mình. hàng không thể đổi trả vì đã giặt rồi nhưng không giặc thì làm sao biết nó bị lem. ,1,
thất vọng về shop. đặt hẳn 8 chiếc quần mà da size l mà lại giao tất cả size m. mình đặt hộ mọi người nữa mà tự ý thay đổi size quần. cũng không báo với khách. cho shop hẳn 1* là còn nhiều rồi. giao sai hàng cho khách. ,1,cảm ơn anh/chị đã ủng hộ shop.rất xin lỗi anh/chị về sự sai sót và nhầm lẫm của shop. shop sẽ nhắn tin liên hệ anh/chị ngay để giải quyết vấn đề ạ.
vải sờ mềm nhưng không thấm mồ hôi mặc ôm sát người cạp chủ không co dãn lắm shop không để ý mình đã ghi in hoa tất cả ghi chú là che tên sản phẩm giúp mình mà shop vẫn lù lù để ra anh ship giao hàng cho mình may mà quen mặt nhưng vẫn rất ngại mong shop lần sau chú ý hơn ,1,
"giao hàng chậm, chất vải xấu, quần bị bung gấu, nhờ chọn giúp quần tối màu, không 5 cái thì 1 cái cũng được, shop cho toàn xanh, tím, hồng",1,
đặt 1 mầu gửi cho mình mầu khác. nhắn tin thì cứ kể  chị em mua nên cân nhắc. xử lý thì chậm. thà ra ngoài mua cho nhanh,1,
mình mua 5 cái 5 màu . những chỉ gửi mỗi màu xanh . chán với thái độ phục vụ của shop,1,
tiền nào của nấy.chất vải tạm được vừa mặc một lần quần đã bong hết keo.,1,
"thiệt tình mình đã nhắn dặn shop để chú thích là quần áo rồi mà shop không làm. còn ghi chi tiết đồ bao nhiêu cái màu gì nữa. làm nhận hàng mà cả mình cả shipper ngại đỏ mặt. chất lượng ok, giao hàng nhanh. nhưng cho 1 sao vì shop không tinh tế ",1,
"shipper đáng yêu, tận tình, hàng trông có vẻ đẹp nhưng thật ra không co dãn, mặc toàn bị tụt, không ôm ",1,
"giao hàng quá lâu, cùng ở hà nội mà 1 tuần mới nhận được hàng, chất lượng sản phẩm bình thường",1,
giao hàng nhanh. chất vải đẹp. nhưng cho 1 sao vì shop gửi màu trắng.,1,
giao thiếu 1 quần. không đáng bao nhiêu nhưng ghét cái thái độ của shop này. nhắn tin đọc xong không thèm rep. không bao giờ quay lại mua đồ. tồi tệ,1,
"hàng mình nhận được thì ổn. nhưng cách phục vụ của shop kém quá. đóng gói hàng có một lớp túi , mình đã ghi chú và nhắn tin cho shop che tên sản phẩm nhưng shop làm ngơ. vì mặt hàng này tế nhị mà shop chán quá ",1,
shop tinh tế hơn 1 chút được không nè. mua quần lót mà bao bì ghi rõ rành rành. shipper thì toàn nam. giao hàng mà ngại nhận hàng luôn á. ,1,
giao màu ngẫu nhiên mà chỉ có 2 màu mua chục cái mà màu quê với xấu kinh không chấp nhận được màu xấu dồn hết cho mình hay sao,1,
 shop giao sai sản phẩm làm lỗ mấy chục không của mình mà nhắn tin thì không rep mình mua sản phẩm khác nhưng vì thái độ của shop nên cho 1 sao hết luôn,1,
"đóng gói quá tệ, nước vô làm vãi bị dính màu hết , quá dỡ tệ",1,
sai size cả 10 cái nên nếu shop đổi lại tôi sẽ đổi sao,1,cảm ơn anh/chị đã ủng hộ shop.rất xin lỗi anh/chị về sự sai xót và nhầm lẫm của shop. shop sẽ nhắn tin liên hệ anh/chị ngay để giải quyết vấn đề ạ.
quảng cáo không trung thực. nói là size m từ 40-50kg nhưng mẹ mình 44kg mặc chật ních. cứ như quần lót của trẻ em hoặc người lớn bị suy dinh dưỡng ấy. thật sự thất vọng. mong shop làm ăn có tâm để khách hàng không bị mất lòng tin như mình. mấy chục nghìn không là cái gì nhưng cảm thấy bực mình lắm!,1,
thật sự không hài lòng khi nhận hàng. trên hình có túi đựng quần riêng từng bịch nhưng khi nhận lại đóng gói tất cả lộn xộn vào 1 bịch lớn. lúc cầm quần thấy hơi ẩm. vải sờ vào thì mỏng. do mình có sài loại này rồi. chất liệu không tốt. không hài lòng. ,1,
"mình đặt 30 chiếc quần, shop gửi thiếu những 15c nếu thiếu 1,2 chiếc còn không sao chứ giờ thiếu những 15c mà tiền thì vẫn tính 30c cộng cả tiền ship nữa, mình cũng mang về bán đã không lãi lời gì nhiều giờ còn gửi thiếu hàng những 15c, người ta đã tin tưởng mua hàng shop,thì hãy có lương tâm 1 chút,",1,
quần màu trắng bị bẩn,1,cảm ơn anh/chị đã ủng hộ shop.rất xin lỗi anh/chị về sự sai xót và nhầm lẫm của shop. shop sẽ nhắn tin liên hệ anh/chị ngay để giải quyết vấn đề ạ.
lúc giao 1 màu. sau khi giặt thì ra 1 màu  cả 10 cái quần bỏ tất không mặc nổi ,1,
ví thì ok nhưng quần vừa nhận đã bong miếng lót màu đen rồi chán.,1,
cái màu trắng bị rách và hình như dán bằng keo,1,
gửi sai size cho mình. shop không kiểm tra hàng trước khi giao cho khách.,1,
"quần bé so với size miêu tả , chất xấu không co giãn , ",1,
mình mua 4 thì đã rách 2 cái khi vừa cầm lên chưa kịp mặc. ,1,cảm ơn anh/chị đã ủng hộ shop.rất xin lỗi anh/chị về sự sai sót và nhầm lẫm của shop. shop sẽ nhắn tin liên hệ anh/chị ngay để giải quyết vấn đề ạ.
mua hàng mà chọn màu nhưng không giao theo ý khách. chán,1,
"chất không có độ co giãn, không nên mua",1,
giao hàng kiểu gi .1 tháng mới nhận được hàng,1,
quà tặng chán lắm,1,
bên shop giao thiếu hàng cho mình,1,
vợ mình chê chất lượng quá trời,1,
tệ,1,
"chán, mặc lần đầu đã rách.",1,cảm ơn anh/chị đã ủng hộ shop.rất xin lỗi anh/chị về sự sai xót và nhầm lẫm của shop. shop sẽ nhắn tin liên hệ anh/chị ngay để giải quyết vấn đề ạ.
mình chưa nhận được hàng ,1,
giao sai size màu,1,cảm ơn anh/chị đã ủng hộ shop.rất xin lỗi anh/chị về sự sai xót và nhầm lẫm của shop. shop sẽ nhắn tin liên hệ anh/chị ngay để giải quyết vấn đề ạ.
"hàng co dãn ít, mặc chật chán quá sao",1,
"không như hình, vải cứng, không co dãn",1,
đặt 12 cái giao đúng 6 cái ,1,
đặt 5 đen 5 be thì giao cả 10 be.,1,
hi đặt sz m giao sz l  không có uy tín ,1,
