,khach_cmt,rating,shop_phan_hoi
0,"HÃ ng táº¡m á»•n
ğŸŒ»Nguá»“n: Ná»—i buá»“n mÃ u xanh lÃ¡ (Ra Xu Nguyá»…n) 
â¤ï¸Cáº­u biáº¿t khÃ´ng... TrÆ°á»›c Ä‘Ã¢y mÃ¬nh tá»«ng nghÄ©: Chá»‰ cáº§n trong lÃ²ng cÃ³ tÃ¬nh yÃªu, Ä‘i hÆ°á»›ng nÃ o cÅ©ng khÃ´ng sá»£ láº¡c lá»‘i. Sau nÃ y má»›i dáº§n dáº§n nháº­n ra: TÃ¬nh yÃªu trong Ä‘á»i sá»‘ng nÃ y thá»±c quÃ¡ Ä‘á»—i nhá» bÃ©. NhÆ° má»™t con kiáº¿n má»›i lÃ³ máº·t ra khá»i tá»• Ä‘Ã£ bá»‹ nÃºi Ä‘",4,
1,ÄÃ³ng gÃ³i á»•n. CÃ³ nhÃ©t giáº¥y bÃªn trong Ä‘á»ƒ giá»¯ form. CÃ¡i form mang lÃªn chÃ¢n nhÃ¬n hÆ¡i kÃ¬ nhÆ°ng váº«n Ä‘Ã¡ng mua nha. Äc cÃ¡i ráº¥t Ä‘Ãºng size. GiÃ¡ ráº»,4,
2,"GiÃ y khÃ¡ Ä‘áº¹p, vá»›i táº§m giÃ¡ 100k thÃ¬ ráº¥t xá»©ng Ä‘Ã¡ng Ä‘á»“ng tiá»n, cÃ³ Ä‘iá»u Ä‘áº¿ giÃ y ko giá»‘ng trong hÃ¬nh mÃ  shop chá»¥p. Cho 4 sao",4,
3,GiÃ y ráº» nÃªn cháº¥t liá»‡u khÃ¡ kÃ©m. LÃ m cÅ©ng nhiá»u lá»—i. NgoÃ i ra Ä‘áº¿ giÃ y khÃ¡c hoÃ n toÃ n vá»›i hÃ¬nh quáº£ng cÃ¡o nÃªn khÃ¡ tháº¥t vá»ng. Form size 40 nhÆ°ng cháº­t nhÆ° form 39 váº­y. Náº¿u mua nÃªn tÄƒng size,4,
4,Sáº£n pháº©m giá»‘ng miÃªu táº£ & Ä‘Ã¡ng tiá»n. NhÆ°ng giao hÃ ng thÃ¬ gá»i lÃ  siÃªu lÃ¢u & siÃªu cháº­m luÃ´n máº·c dÃ¹ Ä‘á»‹a chá»‰ cá»§a tÃ´i k thuá»™c vÃ¹ng dá»‹ch & vÃ¹ng cÃ¡ch ly y táº¿ vÃ¬ COVID-19 ğŸ¤¨ğŸ¤¨ğŸ¤¨,4,
5,NÃ³i chung lÃ  tiá»n nÃ o cá»§a náº¥y. Mua cho bá»‘ Ä‘i lÃ m hy vá»ng ko bong Ä‘áº¿.,4,
6,ÄÃ£ khÃ¡ nhiá»u bÃ n Ä‘Ã¡nh giÃ¡ lÃ  bá»‹ tráº­t. CÅ©ng Ä‘Ã£ dá»± trÃ¹ láº¥y hÆ¡n má»™t cá»¡ mÃ  váº«n bá»‹ tráº­t. ÄÆ°á»£c cÃ¡i giÃ y Ãªm má»m. Ko biáº¿t cÃ³ Ä‘Æ°á»£c lÃ¢u ko. Äá»£i hÆ¡i lÃ¢u vÃ¬ lÅ© miá»n trung. ,4,
7,"NhÃ¬n chung pháº§n Ä‘Ã³ng gÃ³i quÃ¡ sÆ¡ sÃ i chá»‰ bao báº±ng bá»c nilon á»Ÿ ngoÃ i, cÃ²n vá» pháº§n cháº¥t lÆ°á»£ng thÃ¬ 89k lÃ  ok r, giÃ y nháº¹, Ãªm, mÃ  size quÃ¡ nhá», may lÃ  Ä‘á»c review nÃªn chá»n size cÅ©ng khÃ¡ vá»«a, bt mang cÃ³ 37,38 giá» Ä‘áº·t 39 luÃ´n ğŸ˜¯",4,
8,"GIÃ€Y NHÃŒN CHUNG Vá»šI GIÃ NÃ€Y THÃŒ KHÃ”NG ÄÃ’I Há»I GÃŒ THÃŠM ,GIAO HÃ€NG TÆ¯Æ NG Äá»I ",4,
9,"GiÃ y táº¡m á»•n, giÃ¡ sao cháº¥t lÆ°á»£ng Ä‘áº¥y, giao hÃ ng nhanh, khÃ´ng cÃ³ há»™p :((",4,
10,"GiÃ y ráº», Ä‘áº¹p, tá»‘t so vá»›i giÃ¡
Tuy nhiÃªn ko giá»‘ng vá»›i hÃ¬nh láº¯m, mÃ  Ä‘i cx ko Ä‘c Ãªm chÃ¢n nÃªn cho 4 sao thÃ´i
Giao hÃ ng nhanh, shop nhiá»‡t tÃ¬nh",4,
11,GiÃ y Ä‘áº¹p nhÆ°ng form hÆ¡i nhá». MÅ©i chÃ¢n thÃ¬ thoáº£i mÃ¡i nhÆ°ng trÃªn mu bÃ n chÃ¢n thÃ¬ pháº£i ná»›i dÃ¢y tá»‘i Ä‘a. ,4,
12,"Y hinh, táº¡m á»•nnnnnnnnnnnnnnnnnnnnnnnnnnnnnnnnnnnnnnnnnnbnnnnn",4,
13,Jjjjjjjjjjjjjjjjjjjjjjjjjjjjjjjjjjjjjjjjjjjjjjjjjjjjjjjjjjjjjjj,4,
14,,4,
15,Äáº·t size 36 Ä‘i chÃ¢n 20cm Ä‘Ã³. Rá»™ng cÃ¡c báº¡n Ã . ,4,
16,Ä‘áº¹p láº¯m vá»«a chÃ¢n nhÃ© shop láº§n sau sáº» uá»•ng há»™,4,
17,"GiÃ y phÃ¹ há»£p vá»›i giÃ¡ tiá»n, giao hÃ ng nhanh, cháº¥t lÆ°á»£ng sp táº¡m Ä‘uosj",4,
18,Äáº·t mÃ u xÃ¡m xanh giao mÃ u xÃ¡m Ä‘en. KhÃ´ng giá»‘ng máº«u cÅ©ng ko giá»‘ng mÃ u. Tháº¥t vá»ng quÃ¡. Náº¿u háº¿t hÃ ng thÃ¬ shop pháº£i bÃ¡o chá»© giao khÃ¡c váº­y máº¯c cÃ´ng Ä‘á»•i tráº£ láº¯m. Mua hÃ ng shopee bá»‹ váº­y hoÃ i luÃ´n. Äá»•i tráº£ thÃ¬ chá»‹u ship Ä‘i ship vá» máº¥t tiá»n ngu. ChÃ¡n láº¯m,4,
19,"Trá»« 1* vÃ¬ pháº§n Ä‘áº¿ hoÃ n toÃ n ko giá»‘ng hÃ¬nh shop Ä‘Äƒng. Mua vÃ¬ thÃ­ch cÃ¡i Ä‘á»ƒ nhÆ°ng khi nháº­n hÃ ng láº¡i thÃ nh Ä‘áº¿ nÃ y. KhÃ¡ tháº¥t vá»ng. 
NgoÃ i ra máº·t giÃ y giá»‘ng hÃ¬nh, cháº¥t liá»‡u á»•n, form cá»©ng cÃ¡p, giÃ y siÃªu nháº¹. Thá»i gian giao hÃ ng cá»±c nhanh. Äáº·t hÃ´m qua, hÃ´m nay Ä‘Ã£ nháº­n Ä‘c. ",4,
20,"Tiá»n nÃ o cá»§a náº¥y, táº¡m Ä‘Æ°á»£c.... Ä‘á» nghá»‹ Shop coa tháº©m má»¹ xÃ­u, giÃ y tráº¯ng mÃ  cho lÃ³t Ä‘en",4,
21,"HÃ ng giá»‘ng hÃ¬nh.Ä‘áº¹p.nhÆ°ng miáº¿ng lÃ³t mÃ u Ä‘en sáº½ Ä‘áº¹p hÆ¡n.mua 2 Ä‘Ã´i, size 36 vÃ  38 nhÆ°ng Ä‘á»u rá»™ng hÆ¡n ",4,
22,HÃ ng thÃ¬ giá»‘ng y hÃ¬nh 100% Ä‘Ã³. Giao hÃ ng cÅ©ng cá»±c nhanh. NhÆ°ng vs giÃ¡ nÃ y k dÃ¡m nÃ³i lÃ  giÃ y tá»‘t Ä‘c. Cáº§m há»™p giÃ y mÃ  k bÃ­t trong lÃ  giÃ y lun Ã¡. N nháº¹ tÃªnh. Má»Ÿ ra Ä‘Ã´i giÃ y k bÃ­t lÃ m báº±ng j ná»¯a. NÃ³ xá»‘p xá»‘p s s Ã¡. NÃ³i chung cháº¯c mang Ã­t pá»¯a. ,4,
23,Gá»­i sai máº«u giÃ y:)) cháº£ cÃ³ chá»¯ adidas:)) láº¡i cÃ²n 4 váº¡ch:)) rÃµ chÃ¡n. NhÆ°ng thÃ´i giÃ¡ Ä‘Ã³ thÃ¬ váº­y lÃ  ok r. Mua Ä‘i lÃ m nÃªn ko lÄƒn tÄƒn láº¯m!,4,
24,"GiÃ y nhÃ¬n khÃ¡ Ä‘áº¹p, tá»‘t nhÆ°ng sao bÃ¬nh thÆ°á»ng t mang size 42 mÃ  Ä‘áº·t 43 váº«n tháº¥y hÆ¡i cháº­t, hÆ¡i bÃ­ chÃ¢n, cháº¯c do form cháº­t. Äáº¿ xá»‹n, ráº¥t dÃ y, cao dc thÃªm 5cm, nÃ³i chung giÃ¡ ráº» cÅ©ng ko Ä‘Ã²i há»i dc nhiá»u mÃ  láº§n nÃ y giÃ y khÃ´ng giá»‘ng trong áº£nh láº¯m, form má»ng hÆ¡n trong áº£nh nhiá»u ",4,
25,"mÅ©i giÃ y bÃªn pháº£i bá»‹ tráº§y 1 Ä‘Æ°á»ng nhá», mÃ¬nh cá»¡ chÃ¢n 40 41 mÃ  Ä‘áº·t size 41 váº«n cáº£m tháº¥y hÆ¡i cháº­t @@  khuyÃªn m.n mua thÃ¬ mua size lá»›n hÆ¡n chÃ¢n mÃ¬nh 1 2 size lÃ  vá»«a, mang Ä‘i chÆ¡i hay táº­p thá»ƒ dá»¥c ok",4,
26,Cháº¥t liá»‡u sáº£n pháº©m ok! Giao hÃ ng nhanh! Cer mÃ  mk ko hiá»ƒu lÃ³t dÃ y cÃ³ chá»¯ Nike mÃ  bÃªn ngoÃ i láº¡i cÃ³ chá»¯ adidas.?!! HÆ¡i tháº¯c máº¯c áº¡.?!,4,
27,"HÃ ng Ä‘Ãºng nhÆ° hÃ¬nh, mang Ãªm nháº¹, nhÆ°ng keo dÃ¡n Ä‘áº¿ giáº§y khÃ´ng dÃ­nh sÃ¡t. NÃ³i ra thÃ¬ tiá»n nÃ o cá»§a Ä‘Ã³. Cháº¥m shop 4 *",4,
28,"Cháº¥t lÆ°á»£ng sáº£n pháº©m chÆ°a Ä‘i nÃªn chÆ°a biÃªtz, Ä‘Ã³ng gÃ³i Ä‘áº¹p, giao hÃ ng nhanh táº­n tÃ¬nh ",4,
29,"HÆ¡i buá»“n lÃ  k cÃ³ há»™p
Láº¡i chÆ°a xá» dÃ¢y
ChÃ¡n nhá»‰
Táº¡i hÆ¡i dá»‘t viá»‡c xá» dÃ¢y",4,
30,Miáº¿ng nÃ³t Ä‘áº¿ hÆ¡i to vá»›i.  TÆ°á»Ÿng loáº¡i xá»c báº¡c . HoÃ¡ ra láº¡i lÃ  sá»c tráº¯ng Ã ,4,
31,"cháº¥p nháº­n Ä‘Æ°á»£c vá»›i má»©c giÃ¡ ,,,,,,,,, sáº£n pháº©m chÆ°a hoÃ n thiá»‡n láº¯m ",4,
32,Mua Ä‘á»ƒ sÃ¡ng cháº¡y bá»™ nÃªn ok. Bá»‹ nhá» ná»­a size. Ae Size chÃ¢n chuáº©n thÃ¬ order lÃªn 1 size nhÃ©.,4,
33,"Äáº¿ size lá»›n ko pháº£i cloudfam. Size ná»¯ Ä‘Ãºng Ä‘áº¿, má»i ngÆ°á»i chÃº Ã½ nha. Cháº¥t lÆ°á»£ng ok.",4,
34,Sáº£n pháº©m cháº¥t lÆ°á»£ng nhÆ°ng Ä‘áº·t mÃ u Ä‘en thÃ¬ shop láº¡i giao mÃ u tráº¯ng :)),4,
35,"ThÃ­ch, ngon bá»• ráº» sÄƒn sale quÃ¡ há»i, Ä‘Ã¡ng Ä‘á»“ng tiá»n vá»›i giÃ¡..",4,
36,"Máº«u mÃ£ giáº§y Ä‘áº¹p, Ä‘i Ãªm chÃ¢n . TÃ´i hÃ i lÃ²ng vá» sáº£n pháº©m, giáº§y nhiá»u mÃ u Ä‘á»ƒ khÃ¡ch tá»± chá»n, giao hÃ ng nhanh ",4,
37,"sáº£n pháº©m y hÃ¬nh, nhÆ°ng Ä‘Ãºng tiá»n nÃ o cá»§a náº¥y, pháº§n xá» giÃ y khÃ´ng cÃ³ khoen, táº¡m",4,
38,nÃªn mua nha mnggg mua theo size cá»§a mÃ¬nh mang lÃ  okkkkkkkkkkkkkkkkkkkkkkkk,4,
39,"KhÃ´ng cÃ³ áº£nh chá»¥p nÃªn up táº¡m áº£nh nÃ y! NhÆ°ng cÃ´ng nháº­n hÃ ng Ä‘áº¹p, vá»«a vá»›i giÃ¡ thÃ nh! Má»—i tá»™i cÃ¡i dÃ¢y trÃªn áº£nh lÃ  dÃ¢y xanh nhÆ°ng láº¡i gá»­i dÃ¢y Ä‘en nÃªn bá»›t 1 sao nhÃ©! ThÃ­ch cÃ¡i dÃ¢y xanh hÆ¡n ğŸ˜‚ Mua giÃ y nÃ y Ä‘Æ°á»£c láº¯m nhaa",4,
40,Cháº¥t lÆ°á»£ng thÃ¬ ok nhÆ°ng cÃ³ váº» nhá» hÆ¡n táº¡i mÃ¬nh Ä‘i thÃ¬ hÆ¡i cháº­t má»™t chÃºt,4,
41,"GiÃ y giá»‘ng nhÆ° hÃ¬nh áº£nh shop Ä‘Äƒng, nháº¹ so vá»›i giÃ¡ tiá»n khÃ¡ há»£p lÃ½, nh ko cÃ³ Ä‘á»‡m bÃªn trong nÃªn lÃºc nháº­n nÃ³ hÆ¡i mÃ©o mÃ³ chÃºt",4,
42,Láº§n 2 mua hÃ ng cá»§a shop vÃ  hÃ i lÃ²ng.nhÆ°ng láº§n 2 k Ä‘áº¹p nhÆ° mua láº§n 1.shop phá»¥c vá»¥ nhiá»‡t tÃ¬nh.,4,
43,"Giay cÅ©ng dc vs má»©c giÃ¡ nÃ y, nhÆ°ng hÆ¡i bá»‹ chat pháº§n mÅ©i vÃ  rá»™ng pháº§n gÃ³t cháº¯c do gia cÃ´ng ko fc tá»‘t",4,
44,Sáº£m pháº©m tá»‘t y nhÆ° hÃ¬nh. Äong gÃ³i cáº©n thÃ¢nn. Giao hÃ ng nhanh. A,4,
45,"HÃ ng á»•n,giao ráº¥t nhanh nhÆ°ng size giÃ y hÆ¡i cháº­t dÃ¹ng Ä‘Ã£ Ä‘áº·t Ä‘Ãºng size mÃ¬nh",4,
46,"Sáº£n pháº©m phÃ¹ há»£p giÃ¡ tiá»n, Ä‘áº¿ giÃ y khÃ´ng giá»‘ng trÃªn hÃ¬nh shop nÃªn Ä‘á»•i láº¡i hÃ¬nh, giao hÃ ng nhanh.",4,
47,Hjzks sjskanala amla svssksnsksoznshkssmbsjskskslslskejsjsk,4,
48,"GiÃ y khÃ¡ á»•n so vá»›i giÃ¡, giao hÃ ng nhanh, giÃ y khÃ¡ má»›i, mÃ¬nh khÃ´ng rÃ nh vá» ná»‘i dÃ¢y giÃ y cho láº¯m nÃªn ná»‘i hÆ¡i xáº¥u =))",4,
49,giÃ y giá»‘ng trong hÃ¬nh chá»‰ khÃ´ng hÃ i lÃ²ng á»Ÿ chá»— lÃ  lÃºc giao vá» thÃ¬ giÃ y cÃ³ bá»‹ dÃ­nh bá»¥i,4,XÆ°á»Ÿng ChuyÃªn Sá»‰ GiÃ y xin cáº£m Æ¡n quÃ½ khÃ¡ch hÃ ng Ä‘Ã£ tin tÆ°á»Ÿng vÃ  sá»­ dá»¥ng sáº£n pháº©m cá»§a chÃºng tÃ´i. ChÃºc quÃ½ khÃ¡ch cÃ³ nhá»¯ng tráº£i nghiá»‡m tuyá»‡t vá»i khi mua sáº¯m trÃªn shopee!
50,ÃŠm chÃ¢n . GiÃ¡ ráº» . Há»£p lÃ½ Ä‘á»ƒ Ä‘i lao Ä‘á»™ng,4,
51,giÃ y nháº¹ Ãªm nhÆ°ng fom ngoÃ i nhÃ¬n hÆ¡i to. cháº£ nhÃ¬n tháº¥y sz á»Ÿ Ä‘Ã¢u. cho 4* vÃ¬ time giao hÃ ng quÃ¡ lÃ¢u táº­n 5 ngÃ y ms nháº­n Ä‘c! ,4,
52,"Äáº¿ khÃ¡ Ãªm, keo dÃ¡n Ä‘áº¹p, tuy nhiÃªn pháº§n lá»— giÃ y vÃ  gia cÃ´ng nhÃ¬n chÃ¡n láº¯m. PhÃ¹ há»£p vá»›i giÃ¡ tiá»n, ráº» chÃ¡n so vá»›i giÃ y chá»£",4,
53, ÄÃ³ng gÃ³i sáº£n pháº©m ráº¥t Ä‘áº¹p vÃ  cháº¯c cháº¯n ÄÃ¡ng Ä‘á»“ng tiá»n Thá»i gian giao hÃ ng nhanh,4,
54, ÄÃ³ng gÃ³i sáº£n pháº©m cháº¯c cháº¯n Shop phá»¥c vá»¥ khÃ¡ tá»‘t Thá»i gian giao hÃ ng nhanh,4,
55,"ÄÃ³ng gÃ³i k cháº¯c láº¯m, giÃ y mÃ  chá»‰ Ä‘á»ƒ vÃ o bá»c r dÃ¡n bÄƒng keo láº¡i lÃ  xong!",4,
56, Cháº¥t lÆ°á»£ng sáº£n pháº©m tá»‘t Shop phá»¥c vá»¥ khÃ¡ tá»‘t Thá»i gian giao hÃ ng nhanh,4,
57,Nháº¹ Ä‘áº¹p Ãªm tuy nhien cÃ¹ng size mÃ  2 sá»c Ä‘en vÃ  vÃ ng láº¡i to nhá» khÃ¡c nhau ,4,
58,"KhÃ´ng giá»‘ng vá»›i mÃ´ táº£, giÃ y khÃ¡c vá»›i trong hÃ¬nh.",4,
59,HÃ ng Ä‘áº¹p tuá»³ ko báº±ng láº§n Ä‘áº§u Ä‘áº·t nhÆ°ng cháº¥t lÆ°á»£ng váº«n á»•n !,4,
60,"GiÃ y k cÃ³ size,khÃ´ng  biáº¿t shop giao Ä‘Ãºng size khÃ´ng ná»¯a",4,
61,Giáº§y ngon..nhÆ°ng Ä‘Ã³ng gÃ³i chÃ¡n..giao hÃ ng cháº­m ..táº­n 7 ngÃ y ms láº¥y dk ,4,
62,Äáº·t 4 Ä‘Ã´i. NhÆ°ng cÃ³ 1 Ä‘Ã´i giao khÃ´ng giá»‘ng máº«u mÃ  shop váº«n giao. Hic ! Mong shop rÃºt kinh nghiá»‡m khoáº£n nÃ y !,4,
63,"Giao hÃ ng lÃ¢u, há»‘i shop má»›i giao. BÃ¹ láº¡i giÃ y Ä‘áº¹p chÃ¢c, mang Ãªm chÃ¢n",4,
64, Cháº¥t lÆ°á»£ng sáº£n pháº©m tá»‘t ÄÃ³ng gÃ³i sáº£n pháº©m cháº¯c cháº¯nX,4,
65,HÃ ng cÅ©ng tá»‘t pháº¿t,4,
66,GiÃ y cÅ©ng á»•n nhÆ°ng Ä‘áº¿ khÃ´ng pháº£i báº±ng cao su nÃªn cho 4 sao thÃ´i chÆ°a Ä‘i chÆ°a biáº¿t cÃ³ nÃªn k,4,
67,"Táº¡m Ä‘Æ°á»£c, Ä‘áº¿ giÃ y cÃ³ váº» khÃ´ng bá»n, nhÆ°ng ok vÃ¬ giÃ¡ ráº»",4,
68,"Giao nhanh 
GiÃ y Ä‘áº¹p 
Cháº¥t liá»‡u tá»‘t
GÃ³i hÃ ng xáº¥u 
Giao sai mÃ u ",4,
69,"Giao hÃ ng khÃ¡ lÃ¢u, Ä‘Ã³ng gÃ³i sÆ¡ sÆ¡ khÃ´ng kÄ©
Cháº¥t lÆ°á»£ng sáº£n pháº©m thá»i gian dÃ i má»›i biáº¿t",4,
70,NÃªn Ä‘áº·t to hÆ¡n side thÆ°á»ng pháº§n Ä‘Ã­t giÃ y nhÃ´ ra khÃ´ng Ä‘áº¹p láº¯p nÃ³ pháº³ng thÃ¬ Ä‘áº¹p hÆ¡n,4,
71,Ä‘Æ°á»£c,4,
72,"Cháº¥t giÃ y nháº¹, mang khÃ¡ Ãªm chÃ¢n nhÆ°ng pháº§n Ä‘áº¿ hÆ¡i trÆ¡n, sá»£ mang lÃ¢u sáº½ dá»… trÆ°á»£t. NhÆ°ng vá»›i táº§m giÃ¡ nÃ y thÃ¬ cháº¥t lÆ°á»£ng ok.",4,
73,"GiÃ y giao khÃ¡ tá»‘t. Chá»‰ cÃ³ Ä‘iá»u, Ä‘áº·t giÃ y sá»c mÃ u Báº¡c. Giao mÃ u Tráº¯ng. CÃ²n láº¡i thÃ¬ cháº¥t lÆ°á»£ng khÃ¡ ok trong táº§m giÃ¡ 100k :))",4,
74,K cÃ³ há»™p. GiÃ y Ä‘áº¹p.,4,
75,"GiÃ y nhÃ¬n á»Ÿ bÃªn thÃ¬ Ä‘Ã¡ng 5sao, cÃ²n nhÃ¬n á»Ÿ trÃªn xuá»‘ng thÃ¬ 4 sao. ThÃªm viá»‡c mÃ¬nh cÃ²n Ä‘á»£i shiper lÃºc mÆ°a phÃ¹n >> 4Sao",4,
76,"giÃ y cÃ³ thá»ƒ nÃ³i lÃ  khÃ¡ hoÃ n thiá»‡n, chá»‰ cÃ³ chi tiáº¿t á»Ÿ nhá»¯ng lá»— luá»“n dÃ¢y khÃ¡ sÆ¡ sÃ i.",4,
77,2 bÃªn hÆ¡i lá»‡h nhau :((,4,
78,Vá»«a vs giÃ¡ tiá»n. ,4,
79,"HÆ¡i kÃ©m, nhÆ°ng mang Ä‘c, nháº¹ giÃ¡ ráº» nÃªn ko Ä‘á»“i há»i vá» cháº¥t lÆ°á»£ng",4,
80,Tá»‘ttttttttttttttttttttttttttttttttttttttttttttttttttttttttttttttttttttttttttttttttttttttttttttttttttttttttttttttttt,4,
81,"Shop phá»¥ng vá»¥ tá»‘t
Mua 38 thÃ¬ hÆ¡i nhá» nÃªn má»›i Ä‘áº·t 39 nhÆ°ng nua vá» thÃ¬ láº¡i hÆ¡i bá»± ",4,
82,,4,
83,,4,
84, Cháº¥t lÆ°á»£ng sáº£n pháº©m ráº¥t kÃ©m Thá»i gian giao hÃ ng nhanh,4,
85,Ok thank shop,4,XÆ°á»Ÿng ChuyÃªn Sá»‰ GiÃ y xin cáº£m Æ¡n quÃ½ khÃ¡ch hÃ ng Ä‘Ã£ tin tÆ°á»Ÿng vÃ  sá»­ dá»¥ng sáº£n pháº©m cá»§a chÃºng tÃ´i. ChÃºc quÃ½ khÃ¡ch cÃ³ nhá»¯ng tráº£i nghiá»‡m tuyá»‡t vá»i khi mua sáº¯m trÃªn shopee!
86,CÃ²n dÃ­nh nhiá»u keo,4,
87,,4,
88,Lá»—i ko cÃ³ lá»— xiÃªn dÃ¢y giáº§y,4,
89,Size 43 mÃ  lÃ  42 huhu 4 sao ngen nhÆ°ng giÃ y ok,4,
90,GiÃ¡ á»•n so vá»›i cháº¥t lÆ°á»£ng cÃ²n vÃ i lá»—i nhá» ,4,
91,GiÃ¡ nÃ y thÃ¬ sp ok. MÃ u hÆ¡i xanh má»™t tÃ½.,4,
92,HÃ ng khÃ´ng giá»‘ng hÃ¬nh láº¯m ğŸ¤·ğŸ½â€â™‚ï¸,4,
93,"GiÃ y Ãªm, Ä‘Ã¡ng giÃ¡ tiá»n",4,
94, Thá»i gian giao hÃ ng ráº¥t nhanh,4,
95,HÃ ng ok,4,
96,Bt thÃ´i,4,
97,,4,
98,,4,
99,,4,
100,,4,
101,,4,
102,,4,
103,,4,
104,,4,
105,,4,
106,,4,
107,,4,
108,,4,
109,,4,
110,,4,
111,,4,
112,,4,
113,,4,
114,,4,
115,,4,
116,GiÃ y Ä‘áº¹p..hÃ ng tá»‘t,4,
117,Táº¡m Ä‘Æ°á»£c ,4,
118,,4,
119,,4,
120,,4,
121,,4,
122, Thá»i gian giao hÃ ng ráº¥t nhanh,4,
123,,4,
124,,4,
125,,4,
126,,4,
127,,4,
128,,4,
129,,4,
130,,4,
131,,4,
132,,4,
133,,4,
134,,4,
135, Cháº¥t lÆ°á»£ng sáº£n pháº©m tá»‘t,4,
136,,4,
137,,4,
138,,4,
139,,4,
140,,4,
141,"Vs giÃ¡ tiá»n nÃ y thÃ¬ cháº¥t lÆ°á»£ng ok, Ãªm chÃ¢n",4,
142, Cháº¥t lÆ°á»£ng sáº£n pháº©m tá»‘t,4,
143, ÄÃ³ng gÃ³i sáº£n pháº©m ráº¥t Ä‘áº¹p vÃ  cháº¯c cháº¯n,4,
144,,4,
145,,4,
146,,4,
147,Äá»‘ng gÃ³i sáº£n pháº©m tá»‘t,4,
148,,4,
149,Size hÆ¡i nhá»,4,
150,"Nháº¹ ,Ãªm chÃ¢n thoáº£i mÃ¡i .",4,
151,,4,
152,,4,
153,Äáº¹p nhÆ°ng ráº¥t rá»™ng 42 mÃ  nhÆ° 44,4,
154,,4,
155,,4,
156,,4,
157,,4,
158,,4,
159,,4,
160,,4,
161,,4,
162,,4,
163,Ráº» tiá»n nÃ o cá»§a náº¥y,4,
164,,4,
165, ÄÃ¡ng Ä‘á»“ng tiá»n,4,
166,,4,
167,,4,
168,,4,
169,,4,
170,,4,
171,,4,
172,Sao láº¡i lÃ³t giáº¥y trong Ä‘áº¿ giÃ y?,4,
173,,4,
174,,4,
175,,4,
176,,4,
177,Cháº¥p nháº­n Ä‘Æ°á»£c so vá»›i giÃ¡.,4,
178,,4,
179,,4,
180,giÃ y hÆ¡i cá»©ng,4,
181,,4,
182,Giao nhanh. HÃ ng Ä‘áº¹p ok mÃ  Ä‘Ã³ng gÃ³i hÆ¡i xáº¥u,4,
183,,4,
184,,4,
185,,4,
186,,4,
187,,4,
188,,4,
189,,4,
190,,4,
191,Cháº¥p nháº­n,4,
192,,4,
193,,4,
194,,4,
195,,4,
196,,4,
197,,4,
198,Thá»i gian giao hÃ ng hÆ¡i lÃ¢u,4,
199,,4,
200,,4,
201,,4,
202,,4,
203,,4,
204,,4,
205,,4,
206, ÄÃ³ng gÃ³i sáº£n pháº©m cháº¯c cháº¯n,4,
207,,4,
208,,4,
209,,4,
210,,4,
211,,4,
212,,4,
213,,4,
214,,4,
215,,4,
216,,4,
217,,4,
218,,4,
219,Chá»‰ may xáº¥u quÃ¡ bung ra ngoÃ i. Cáº£m Æ¡n shop.,4,
220,,4,
221,Tiá»n nÃ o cá»§a Ä‘Ã³ hÃ ng cÅ©ng táº¡m Ä‘Æ°á»£c,4,
222, Cháº¥t lÆ°á»£ng sáº£n pháº©m tuyá»‡t vá»i,4,
223,,4,
224,CÅ©ng khÃ´ng tá»‡ . Há»£p Ã½,4,
225,CÅ©ng Ä‘Æ°á»£c. ,4,
226,,4,
227,,4,
228,,4,
229,cÅ©ng Ä‘c,4,
230,,4,
231,,4,
232,,4,
233,,4,
234,hÆ¡i nhá» so vá»›i size trÃªn ,4,
235,,4,
236,"Giáº§y Ãªm , Ä‘áº¹p, ",4,
237,Gá»i sá»‘ Ä‘iá»‡n thoáº¡i báº­y báº¡,4,
238," Cháº¥t lÆ°á»£ng sáº£n pháº©m tá»‘t
XÃ i okeee",4,
239,"GiÃ y Ä‘áº¹p, nháº¹. ",4,
240,Cháº¥t lÆ°á»£ng phÃ¹ há»£p vá»›i giÃ¡ tiá»n,4,
241,,4,
242,,4,
243,,4,
244,,4,
245,Táº¡m Ä‘c,4,
246, Cháº¥t lÆ°á»£ng sáº£n pháº©m tá»‘t,4,
247,,4,
248,khÃ´ng Ä‘Ãºng mÃ u,4,
249,,4,
250,,4,
251,,4,
252," Thá»i gian giao hÃ ng nhanh , vá»«a Ä‘á»“ng tiá»n.",4,
253,,4,
254,,4,
255,,4,
256,,4,
257,,4,
258,,4,
259,KhÃ¡ ok ,4,
260,,4,
261,,4,
262,GiÃ y KhÃ´ng ÄÆ°á»£c Äáº¹p Ch Láº¯m NhÆ°ng Cháº¥t Liá»‡u KhÃ¡ OK,4,
263,.,4,
264,Giao Ä‘Ãºng máº«u.,4,
265,,4,
266,,4,
267,,4,
268,,4,
269,,4,
270,Cá»¡ to nháº¥t váº«n hÆ¡i bÃ© :((,4,
271,,4,
272,,4,
273,,4,
274,,4,
275,á»”n so vá»›i giÃ¡. ,4,
276,,4,
277,,4,
278,,4,
279,,4,
280,,4,
281,,4,
282,,4,
283,,4,
284,,4,
285,,4,
286,,4,
287,,4,
288,,4,
289, Cháº¥t lÆ°á»£ng sáº£n pháº©m tuyá»‡t vá»i,4,
290,,4,
291,,4,
292,,4,
293,shipper lá»‹ch sá»±,4,
294,,4,
295,,4,
296,,4,
297,,4,
298, Shop phá»¥c vá»¥ khÃ¡ tá»‘t,4,
299,,4,
300,,4,
301,,4,
302,,4,
303,,4,
304,,4,
305,,4,
306,,4,
307,,4,
308,,4,
309,,4,
310,To ğŸ˜¢,4,
311,,4,
312,,4,
313,,4,
314,,4,
315,,4,
316,,4,
317,,4,
318,,4,
319,,4,
320,,4,
321,,4,
322,,4,
323,,4,
324,SaÌ‰n pháº©m ok so vá»›i giÃ¡ 89k cÃ²n so vá»›i giÃ¡ mÃ  shop ghi khi chÆ°a sale thÃ¬ k Ä‘áº¹p. Vá»›i cáº£ size giÃ y k chÃ­nh xÃ¡c lÃ  size mÃ  shop dÃ¡n lÃªn k pháº£i in trÃªn giÃ y nÃªn Ä‘i k vá»«a chÃ¢n ,3,
325,sáº£n pháº©m size nhá» so vá»›i thá»±c táº¿. bÃ¬nh thÆ°á»ng mÃ¬nh Ä‘i size 39 mÃ  Ä‘áº·t size 40 mÃ  váº«n cháº­t. nÃ³i chung lÃ  táº¡m cháº¥p nháº­n.....,3,
326,"ÄÃ³ng gÃ³i hÃ ng sÆ¡ sÃ i, giÃ y khÃ¡ nhiá»u lá»—i keo nhÆ°ng vÃ¬ mua giÃ¡ ráº» nÃªn cx táº¡m cháº¥p nháº­n Ä‘c",3,
327,"giÃ y size 42 mÃ  y nhÆ° size 44.
chÃ¡n shop lÃ m Äƒn kiá»ƒu gÃ¬.
haizzzzzzzzzzzzzzzzzzzzzzzzzzzzzzzzzzzzzzzzzzzzzzzzzzzzzzzzzzzzzzzzzzzzzzzzzzzzzzzzzzzzzzzzzzzzzzz",3,
328,"HÃ ng Ä‘áº¹p, giao hÃ ng nhanh nhÆ°ng mÃ  shop giao sai size, Ä‘áº·t 42 giao 43 ğŸ˜‘",3,
329,Tiá»n nÃ o cá»§a náº¥y giáº§y fom má»ng Ä‘i ráº¥t cháº­t. Äáº¿ giáº§y ko giá»‘ng nhÆ° trÃªn áº£nh,3,
330,"GiÃ y tÆ°Æ¡ng Ä‘á»‘i á»•n
Tuy nhiÃªn mua 3 Ä‘Ã´i Ä‘áº¿ khÃ¡c nhau hoÃ n toÃ n.
ÄÃ´i size 42 Ä‘áº¿ k pháº£i cloudfoam, cÃ²n bá»‹ cháº£y mÅ© 1 lá»•ğŸ˜“.mÃ  form cÅ©ng k cá»©ng cÃ¡p báº±ng size nhá»ğŸ™‚ nt shop k tráº£ lá»i.hÆ¡i tháº¥t vá»ng.

Tráº£ hÃ ng hoÃ n tiá»n phá»©c táº¡p wÃ¡ nÃªn há»§y ln....mong shop xem xet láº¡i, kiá»ƒm tra hÃ ng truoc khi giaoğŸ™‚ ",3,
331,"HÃ ng giao nhÆ° hÃ¬nh, cháº¥t lÆ°á»£ng á»•n, nhÆ°ng cÃ³ lá»—i vÃ  bá»‹ dÆ¡ nhÆ° hÃ¬nh mÃ¬nh chá»¥p (hÆ¡i khÃ³ cháº¥p nháº­n).",3,
332,Sop giao hang o Ä‘ung cá»Ÿ nÃªÌu háº¿t hang thi bao lai khaÌch chu lam vay thi sao chaÌ£p nhan dc sop,3,
333,"ÄÃ£ mua 2 Ä‘Ã´i.hÃ i lÃ²ng.Ä‘á»£t nÃ y mua tiáº¿p 1 Ä‘Ã´i nhÆ°ng giao 1 chiáº¿c 37, 1 chiáº¿c 38.nhÆ°ng nhÃ¬n tÆ°Æ¡ng Ä‘Æ°Æ¡ng thÃ´i láº¥y cho rá»“i máº¯c cÃ´ng Ä‘á»•i tráº£.cho 3* thÃ´i",3,
334,"Shop giao hÃ ng nhanh. NÃ³i chung tiá»n nÃ o cá»§a náº¥y nÃªn cÅ©ng khÃ´ng ká»³ vá»ng nhiá»u, giÃ y Ä‘i táº¡m. Mong shop cÃ³ thÃªm nhá»¯ng sáº£n pháº©m cháº¥t lÆ°á»£ng hÆ¡n.",3,
335,"GiÃ y táº¡m á»•n so vá»›i giÃ¡ tiá»n, cÆ¡ mÃ  Ä‘áº·t size 39 mÃ  chÃ¢n t 37 mang vá»«a, mua cho ck cuá»‘i cÃ¹ng mÃ¬nh tá»± mang luÃ´n :)))",3,
336,Giao hÃ ng ráº¥t nhanh. SÄƒn sale giÃ¡ tá»‘t. Tuy nhiÃªn giao khÃ´ng Ä‘Ãºng máº«u trÃªn hÃ¬nh. XÃ¡m sá»c xanh láº¡i thÃªm VIá»€N ÄEN. Cháº¥t lÆ°á»£ng tÆ°Æ¡ng Ä‘Æ°Æ¡ng giÃ¡ tiá»n. ,3,
337,Äáº·t sz 39 Ä‘i giao sai 38. GiÃ y 38 gáº¯n mÃ¡c 39.. háº¿t sai pháº£i nháº¯n tin cho khÃ¡ch chá»© ğŸ˜“ğŸ˜“ğŸ˜“,3,
338,"GiÃ y váº£i hÆ¡i cá»©ng, Ä‘áº¿ giÃ y mang Ä‘au chÃ¢n. CÅ©ng Cloudfoarm Ä‘Ã£ mua chá»— khÃ¡c Ãªm chÃ¢n hÆ¡n. ",3,
339,GiÃ y giáº·t rá»“i nÃªn k cÃ³ hÃ¬nh.GiÃ y cá»©ng.NÃªn tÄƒng size.MÃ¬nh cÃ³ ib há»i thÃ¬ shop nÃ³i k cáº§n tÄƒng nhÆ°ng mÃ¬nh bá»‹ cháº­t ,3,
340,"Sp thÃ¬ Ä‘k nhÆ°ng Ä‘Ã³ng gÃ³i chÃ¡n láº¯m, vá»›i cáº£ Ä‘áº·t má»™t kiá»ƒu, gá»­i hÃ ng ra cÃ¡i khÃ¡c",3,
341,ThÃ­ch giáº§y vÃ¬ cÃ³ Ä‘áº¿ Ä‘áº¹p. Nháº­n hÃ ng thÃ¬ Ä‘áº¿ khÃ¡c hoÃ n toÃ n. ChÃ¡n ! ,3,
342,"KhÃ¡ Ä‘áº¹p nhÆ°ng hÆ¡i cháº­t, trc mua em cÃ¹ng size láº¡i Ä‘i vá»«a ngon,thui cho 5 sao Ä‘á»™ng viÃªn
Sau 1 ngÃ y sá»­ dá»¥ng thÃ¬ Ä‘au chÃ¢n, Ä‘áº¿ lá»§ng cá»§ng ko cháº¯c cháº¯n.",3,
343,"Gá»i lÃ  táº¡m á»•n thÃ´i. 99k khÃ´ng thá»ƒ Ä‘Ã²i há»i hÆ¡n Ä‘Æ°á»£c. Miá»…n Ä‘i mÃ  mÃ¬nh nhÃ¬n Ä‘c, nhÃ¬n táº¡m á»•n lÃ  ok",3,
344,"Äá»c review, sá»£ cháº­t nÃªn Ä‘áº·t tÄƒng 1 size, ai ngá» rá»™ng chÃ  bÃ¡, Ã´ng anh mÃ¬nh Ä‘i size 41 cÅ©ng Ä‘i vá»«a ğŸ˜«
Sá»‘ size trÃªn giÃ y cÅ©ng lÃ  sá»‘ dÃ¡n vÃ o chá»© ko pháº£i sá»‘ in chÃ¬m cá»§a nhÃ  sáº£n xuáº¥t, nÃªn viá»‡c dÃ¡n sá»‘ nÃ y cho giÃ y kia lÃ  hoÃ n toÃ n cÃ³ thá»ƒ ğŸ˜•
ThÃªm 1 tráº£i nghiá»‡m khiáº¿n mÃ¬nh pháº£i dÃ¨ chá»«ng viá»‡c mua online",3,
345,"Mua láº§n 2 tháº¥y buá»“n, Ä‘áº·t giáº§y Ä‘Ã´i  mÃ u giá»‘ng nhau mÃ  cho 2mÃ u khÃ¡c nhau, kiá»ƒu giáº§y cÅ©ng khÃ¡c . ChÃ¡n háº³n luÃ´n",3,
346,giÃ y size 37 mÃ  ko nhÃ©t chÃ¢n vÃ o Ä‘c. Giá» ko biáº¿t pháº£i lÃ m sao vá»›i nÃ³ ná»¯a. KhÃ´ng láº½ láº¡i Ä‘á»•i tráº£ hÃ ng.... ,3,
347,KhÃ´ng giá»‘ng máº«u ( Ä‘áº¿ giáº§y khÃ´ng giá»‘ng áº£nh ),3,
348,HÃ ng cÅ©ng ok nhÆ°ng hÆ¡i tá»©c cÃ¡ch bÃ¡n hÃ ng cá»§a shop. E Ä‘Ã£ há»§y Ä‘Æ¡n Ä‘á»ƒ Ä‘áº·t size khac nhÆ°ng k hiá»ƒu s shop váº«n giao vÃ  nt cÅ©ng k tháº¥y shop trl???,3,
349,"Cháº¥t lÆ°á»£ng táº¡m nhÆ°ng size bÃ© quÃ¡ 39 chá»‰ nhÆ° size 37- cháº³ng Ä‘i vá»«a gÃ¬ cáº£, hic",3,
350,Giáº§y má»ng cháº¥t liá»‡u khÃ´ng bá»nğŸ˜ŒHÃ¬nh thá»©c Ä‘áº¹p nhÆ°ng ráº½ bÃ¡m báº©nğŸ˜‘NÃ³i chung mua phÃ­ tiá»n,3,
351,Giáº§y cÅ©ng Ä‘epj nhÆ°ng hÆ¡i cÃ³ mÃ¹i keo gÃ³i hÃ ng ko cáº©n tháº­n cho láº¯m ,3,
352,"giÃ y adidas, lot nike. máº·c dÃ¹ khÃ´ng áº£nh hÆ°á»ng gÃ¬ nhÆ°ng shop nhÆ° tháº¿ lÃ  kÃ©m chuyÃªn nghiá»‡p",3,
353,Chuyá»ƒn sai mÃ u giÃ y yÃªu cáº§u ÄÃ³ng gÃ³i sáº£n pháº©m táº¡m Ä‘Æ°á»£c,3,
354,"Sp giá»‘ng mÃ´ táº£, nhÆ°ng giáº§y cho Nam chá»© K pháº£i Nam Ná»¯ nhÆ° shop QC, size giáº§y to hÆ¡n so vá»›i ná»¯ ( size chá»‰ lÃ  tem dÃ¡n vÃ o mÃ  thÃ´i )",3,
355,"MÃ¬nh xem review mua lá»›n hÆ¡n 1 size váº«n cháº­t.
Lá»— xá» dÃ¢y giÃ y nhá», mÃ¬nh máº¥t cáº£ buá»•i má»›i xá» xong 1 Ä‘Ã´i.
NhÆ°ng Ä‘Æ°á»£c cÃ¡i giÃ y Ãªm chÃ¢n nÃªn cÅ©ng khÃ´ng buá»“n láº¯m.",3,
356,"HÃ ng Ä‘áº¹p
 Thá»i gian giao hÃ ng nhanh
NhÆ°ng ghi chÃº rÃµ rÃ ng 3 size khÃ¡c nhau
Láº¡i giao 3 size giá»‘ng nhau ko mang Ä‘Æ°á»£c",3,
357,"Nháº­n hÃ ng há»™p mÃ©p mÃ©o náº·ng ná». GiÃ y nhÃ¬n ngoÃ i thÃ¬ ok Ä‘áº¥y, nhÆ°ng giÃ y adidas lÃ³t nike =))). Nháº­n hÃ ng cÆ°á»i ná»©t bá»¥ng :v",3,
358,"GiÃ y nháº¹, Ãªm chÃ¢n phÃ¹ há»£p vá»›i giÃ¡ tiá»n, tuy nhiÃªn lá»— Ä‘á»¥c ráº¥t lÃ  cáº©u tháº£ vÃ  máº¥t tháº©m má»¹ lÃ m giáº£m giÃ¡ trá»‹ Ä‘Ã´i giÃ y, mong shop kháº¯c phá»¥c váº¥n Ä‘á» nÃ y",3,
359,"Táº¡m , nÃ³i chung lÃ  tiá»n nÃ o cá»§a Ä‘áº¥y , thÃªm tiá»n mua Ä‘Ã´i Ä‘áº¯t mÃ  Ä‘i",3,
360,giÃ y khÃ´ng bá»n láº¯m,3,
361,Sáº£n pháº©m ko Ä‘Ãºng nhÆ° trong hÃ¬nh áº£nh ,3,
362,Äáº¿ giÃ y nhÃ¬n hÆ¡i thÃ´ nÃªn ná»¯ Ä‘i sáº½ ko Ä‘áº¹p láº¯m.Cháº¥t lÆ°á»£ng ok.,3,
363,"CÅ©ng táº¡m, hÆ¡i bÃ­. Ráº» nÃªn cÅ©ng khÃ´ng Ä‘Ã²i há»i gÃ¬ nhiá»u ",3,
364,MÃ¬nh oder Ä‘en nhÆ°ng hÃ ng vá» thÃ¬ Ä‘en Ä‘áº¿ tráº¯ng khÃ¡c hÃ¬nh. Khá»• háº¿t sá»©c,3,
365,Giao hÃ ng nhanh cÃ²n thiáº¿u sÃ³t nhiá»u nhÆ°ng ráº¥t nhiá»‡t tÃ¬nh vÃ  cáº©n tháº­n vá»›i khÃ¡ch hÃ ng ,3,
366,Cá»¡ giÃ y k chuáº©n,3,
367,GiÃ y khÃ¡c vá»›i hÃ¬nh áº£nh nhÆ°ng vá»›i giÃ¡ thÃ¬ táº¡m Ä‘c ,3,
368,GÃ³i Ä‘á»“ k nhÆ° mong muá»‘n. K cÃ³ há»™p,3,
369,KhÃ¡c vá»›i Ä‘Ã´i hÃ´m trÆ°á»›c nháº­n,3,
370,"Sp lá»—i, máº¥t 1lá»— giáº§y.",3,
371,Giao hÃ ng hÆ¡i cháº­m,3,
372,Nhá» hÆ¡n 2 sz,3,
373,,3,
374,,3,
375,,3,
376,,3,
377,,3,
378,,3,
379,,3,
380,,3,
381,,3,
382,,3,
383,,3,
384,,3,
385,,3,
386,,3,
387,HÃ ng kÃ©m. Size dÃ¡n bá»«a lÃªn. ,3,
388,,3,
389,ÄÃ´i xÃ¡m sá»c Ä‘en mÃ u xáº¥u quÃ¡ :(,3,
390,"Tiá»n  náº£o cá»§a  Ä‘áº¥y  ,giao hag nhanh, ",3,
391,,3,
392,,3,
393,,3,
394,CÅ©ng táº¡m Ä‘Æ°á»£c Cháº¥t lÆ°á»£ng sáº£n pháº©m táº¡m Ä‘Æ°á»£c,3,
395,,3,
396,,3,
397,,3,
398,,3,
399,,3,
400,,3,
401, ÄÃ³ng gÃ³i sáº£n pháº©m táº¡m Ä‘Æ°á»£c,3,
402,,3,
403,Cháº¥t lÆ°á»£ng kÃ©m.,3,
404,,3,
405,Äáº¿ giÃ y sai vá»›i hÃ¬nh áº£nh ,3,
406,Kiá»ƒu nÃ³ k Ä‘Æ°á»£c Ä‘áº¹p cho láº¯m Ã¡ mng ,3,
407,,3,
408, Cháº¥t lÆ°á»£ng sáº£n pháº©m táº¡m Ä‘Æ°á»£c,3,
409,Cháº¥t lÆ°á»£ng trung bÃ¬nh.giÃ¡ ráº» nhÆ°ng cháº¥t xáº¥u quÃ¡,3,
410,,3,
411,"giÃ¡ cáº£ há»£p lÃ­, mang Ãªm chÃ¢n",3,
412,,3,
413,,3,
414,GiÃ y chÆ°a Ä‘Ãºng vá»›i hÃ¬nh láº¯m.,3,
415,,3,
416,,3,
417,,3,
418,,3,
419,Cháº¥t lÆ°á»£ng sáº£n pháº©m táº¡m Ä‘Æ°á»£c,3,
420,,3,
421,,3,
422,,3,
423,,3,
424,,3,
425,,3,
426,Cháº¥t liá»‡u dáº§y hÆ¡i kÃ©m rÃ¡n rá»… bung,3,
427,,3,
428,,3,
429,Táº¡m á»•n,3,
430,,3,
431,Hoi kem de hoi cao,3,
432,Cháº¥t lÆ°á»£ng sáº£n pháº©m táº¡m Ä‘Æ°á»£c,3,
433,,3,
434,,3,
435,,3,
436,,3,
437,,3,
438,,3,
439,GiÃ y lÃ³t cá»©ng,3,
440,,3,
441,,3,
442,Táº¡m Ä‘Æ°á»£c,3,
443,,3,
444,,3,
445,,3,
446,,3,
447,,3,
448,,3,
449,,3,
450,,3,
451,"Tiá»n nÃ o cá»§a náº¥y, k muá»‘n nÃ³i gÃ¬ nhiá»u vá»›i shop vÃ¬ quÃ¡ chÃ¡n. GiÃ y Ä‘i vá»«a size. Form lÃªn ráº¥t xáº¥u, nhÃ¬n chÃ¢n thÃ´. HÃ ng váº«n cÃ²n má»›i toanh, mÃ¬nh chá»‰ thá»­ lÃªn tháº¥y khÃ´ng há»£p nÃªn yÃªu cáº§u tráº£ hÃ ng hoÃ n tiá»n thÃ¬ shop khÃ´ng Ä‘á»“ng Ã½ vÃ  khiáº¿u náº¡i shopee ngay. Báº¡n nÃ o Ä‘á»‹nh mua thÃ¬ cÃ¢n nháº¯c vÃ¬ mua rá»“i há»‘i k ká»‹p.",2,
452,"Shop giao thiáº¿u dÃ¢y giÃ y, pháº£i láº¥y dÃ¢y cÅ© cá»§a mÃ¬nh Ä‘eo dÃ´. shop nÃ³i sáº½ giao láº¡i nhÆ°ng váº«n chÆ°a tháº¥y, táº¡m thá»i Ä‘Ã¡nh giÃ¡ nv xem shop xá»­ lÃ½ tháº¿ nÃ o sáº½ sá»­a láº¡i sau. GiÃ y cÅ©ng táº¡m. Biáº¿t v láº¥y mÃ u xÃ¡m xanh cháº¯c sáº½ Ä‘áº¹p hÆ¡n. Shop giao hÃ ng ráº¥t nhanh",2,
453,"Thá»i gian giao hÃ ng nhanh,cháº¥t lÆ°á»£ng thÃ¬ tiá»n nÃ o cá»§a Ä‘Ã³ thÃ´i..",2,
454,GiÃ y adidas nhÆ°ng lÃ³t giÃ y nike giÃ y má»ng láº¯m dÃ¢y giÃ y thÃ¬ nhá» nhÆ°ng giÃ¡ nhÆ° váº­y thÃ¬ cháº¯c chá»‰ Ä‘c tháº¿ thÃ´i,2,
455,"m Ä‘Ã£ Ä‘Ã¡nh dáº¥u giao hÃ ng vÃ o giá» hÃ nh chÃ­nh nhÆ°ng láº¡i giao buá»•i tá»‘i. nv giao hÃ ng nÃ³i nhÆ° bá»‘ Ä‘á»i luÃ´n, m hÆ°á»›ng dáº«n cÃ³ ngÆ°á»i nháº­n há»™ thÃ¬ xá»“n xá»“n gá»i ra láº¥y hÃ ng. shop nÃªn Ä‘á»•i Ä‘Æ¡n vá»‹ giao hÃ ng trÃ¡nh áº£nh hÆ°á»Ÿng tá»›i sp",2,
456,ÄÃºng lÃ  tiá»n nÃ o cá»§a áº¥y . Mua 42 mÃ  nhÃ¬n nhÆ° sz 44 áº¥y,2,
457,"Cháº¥t lÆ°á»£ng ráº¥t chÃ¡n.
Size vá»› váº©n.
MÃ¬nh chuyÃªn Ä‘i size 37 Ä‘Ã£ láº¥y lÃªn 1 size 38 rá»“i mÃ  váº«n cháº­t",2,
458,Shop k ktra hÃ ng truÃ³c kgi giao ak. GiÃ y dÃ­nh keo 502 cá»©ng váº£i cumgx giao lÃ  sao. Dk kirmr tra hÃ ng trÆ°á»›c kgi thanh toÃ¡n thÃ¬ tÃ´i cho hÃ ng quay Ä‘áº§u ngay,2,
459,Size 43 gÃ¬ mÃ  nhÆ° 41 váº­y,2,
460,GiÃ y mÃ¬nh mang size 43 vá»«a mÃ  mua trÃªn shop nÃ³ rá»™ng hÆ¡n khÃ´ng mang Ä‘Æ°á»£c luÃ´n,2,
461,Giao hÃ ng ko nhiá»‡t tÃ¬nh.ko chá»§ Ä‘á»™ng liÃªn há»‡ giao hÃ ng,2,
462,Shop giao cho mÃ¬nh nháº§m mÃ u giÃ y,2,
463,Size bÃ© tÃ­ ko nÃ­ch vÃ o Ä‘c,2,
464,HÃ ng k giá»‘ng hÃ¬nh,2,
465,"hÃ ng ko Ä‘áº¹p nhÆ° mÃ¬nh tÆ°á»Ÿng, tiá»n nÃ o cá»§a Ä‘Ã³",2,
466,,2,
467,,2,
468,,2,
469,Thiáº¿u dÃ¢y giÃ y,2,
470,,2,
471,,2,
472,Chá»‰ giÃ y bung,2,
473,,2,
474,,2,
475,,2,
476,Cá»¡ 39 mÃ  rá»™ng nhÆ° 41,2,
477,,2,
478,,2,
479,,2,
480,,2,
481,,2,
482,"Giao sai máº«u, Ä‘áº·t giáº§y ná»¯, giao dáº§y dÃ¡ng nam, Ä‘áº¿ giÃ y váº¿ch ngÆ°á»£c lÃªn, Ä‘Ã£ note vá»›i shop rá»“i , mua táº­n 2 Ä‘Ã´i má»›i bá»±c mÃ¬nh",1,
483,"GiÃ y xáº¥u hÆ¡n trong hÃ¬nh mÃ¬nh chá»¥p khÃ´ng nÃªn mua
NhÆ°ng so vá» giÃ¡ thÃ¬ cÅ©ng chá»‰ váº­y thÃ´i.
...........jwjsnsnsnsnnsnsnsnsnsnnsnsnsnsn",1,
484,Giao cho mÃ¬nh giáº§y gÃ¬ mÃ  k giá»‘ng hÃ¬nh tÃ­ nÃ o váº­y :(((,1,
485,"ÄÃ¡nh giÃ¡ nÃ y lÃ  nháº¯c nhá»Ÿ mn mua hÃ ng thÃ¬ nháº¯n shop há»i trÆ°á»›c hÃ ng, trÃ¡nh tÃ¬nh tráº¡ng shop treo máº«u nÃ y bÃ¡n hÃ ng ná». Shop khÃ´ng thÃ¨m tráº£ lá»i luÃ´n tháº¥t vá»ng tháº­t sá»±.",1,
486,GiÃ y khÃ´ng chuáº©n from mua size 39 nhÆ°ng thá»±c táº¿ chá»‰ 36 mua giÃ y 75k mÃ  Ä‘á»•i tráº£ ship háº¿t 55k . GiÃ y cÅ©ng khÃ´ng giá»‘ng áº£nh tháº¥t vá»ng ,1,
487,"ÄÃ³ng gÃ³i sáº£n pháº©m Ä‘áº¹p, tuy nhiÃªn sáº£n pháº©m chá»‰ táº¡m giá»‘ng hÃ¬nh, from quÃ¡ tá»‡, cháº¥t liá»‡u váº£i quÃ¡ thÃ´ vÃ  cá»©ng, mang ráº¥t Ä‘au chÃ¢n. Ko Ä‘i dc",1,
488,Bá» ngoÃ i thÃ¬ nhÃ¬n Ä‘c . BÃªn trong ko hiá»ƒu sao mÃ  1 Ä‘Ã´i giÃ y láº¡i lÃ³t nhÆ° váº­y,1,
489,"HaÌ€ng khÃ´ng giÃ´Ìng nhÆ° shop g.thiÃªÌ£u nha.
LÃ´Ìƒi Ä‘ÃªÌ giaÌ€y nÆ°Ì‰a . ThÃ¢Ìt voÌ£ng",1,
490,"Shop lÃ m Äƒn bá»‘ nÃ¡o, Ä‘áº·t má»™t Ä‘áº±ng gá»­i hÃ ng 1 kiá»ƒu , lá»«a Ä‘áº£o, cho 1 sao",1,
491,"MÃ¬nh láº¥y tay xá» vÃ o tháº¥y trong giáº§y cÃ³ 1 cÃ¡i váº­t nhá»n nhá» nhÆ° kiá»ƒu thÃ©p bá»‹ nhÃ´ ra, k thá»ƒ cáº¯t nÃ³ ra khá»i Ä‘áº¿ giáº§y Ä‘c, cÃ¡i nÃ y Ä‘i nhiá»u Ä‘au chÃ¢n cháº¿t ",1,
492,size 37 mÃ  bÃ© nhÆ° 36 ko mang vá»«a.mik Ä‘Ã£ chat vs shop báº£o giao sá»c báº¡c láº¡i giao sá»c tráº¯ng.,1,
493,Sáº£n pháº©m ráº» tiá»n.. hÃ ng hÆ¡i xi Ä‘a trÃ³c keo qua má»™t láº§n mang.. tiá»n nÃ o cá»§a náº¥y,1,
494,,1,
495,"mÃ u y hÃ¬nh, nhÆ°ng hÃ ng chá»— nÃºt gÃ i bÃ¬ sÃ¹i ra ko gáº¯n Ä‘Æ°á»£c. qa tháº¥t vá»ng",1,
496,,1,
497,"Tá»‡ háº¡i tá»‡ háº¡i , mang khÃ´ng Ä‘Æ°á»£c Ä‘Ã¢u Ä‘á»«ng dáº¡i mÃ  mua nghe má»i ngá»«",1,
498,Äáº·t size 30 giao size lá»›n hÆ¡n. KhÃ´ng hÃ i lÃ²ng,1,
499,Thiáº¿u 1 dÃ¢y giÃ y cÆ¡ ?,1,
500,,1,
501,,1,
502,,1,
503,,1,
504,1 chiáº¿c cÃ³ 1 giÃ¢y giÃ y cÃ²n chiáº¿c kia láº¡i ko cÃ³,1,
505,Ko vá»«a,1,
506,,1,
507,,1,
508,Táº¡i vÃ¬ giÃ y cÃ³ tÃªn messi trg khi trÃªn áº£nh ko cÃ³,1,
509,KeÌm,1,
510,ChÃ¡n,1,
511,,1,
512,,1,
513,"mÃ u khÃ´ng nhÆ° hÃ¬nh
hÃ¬nh thá»©c ko nhÆ° quáº£ng cÃ¡o",1,
514,,1,
515,,1,
516,,1,
517,,1,
518,Táº¡m thui,1,
519,,1,
520,,1,
521,,1,
